Ranking,Year,Teams,Points,Goals+,Goals-,avg age,avg heights (cm),avg weight (kg),avg player rating,avg player value (EU),avg player wage,Transfer Spend (Euros),MA
1,2019,Liverpool,99,85,33,24.0,180.48,73.18,76.0,18015303,88212,9.36,109.94
2,2019,Manchester City,81,102,35,24.09,180.45,74.12,76.85,22951363,112758,150.14,168.87
3,2019,Manchester United,66,66,36,24.76,183.21,75.36,77.45,19016666,106727,192.6,148.53
4,2019,Chelsea,66,69,54,25.21,182.82,77.0,76.79,18798787,98970,40.5,154.29
5,2019,Leicester City,62,67,41,25.64,181.94,78.3,73.97,7597727,44758,93.87,92.13
6,2019,Tottenham Hotspur,59,61,47,24.48,183.06,77.7,75.97,18203333,76606,133.65000000000003,81.0
7,2019,Wolverhampton Wanderers,59,51,40,22.97,182.42,78.45,68.64,5249090,28364,109.62,0.0
8,2019,Arsenal,56,56,48,24.61,182.97,75.48,74.79,12470909,76182,144.36,118.02
9,2019,Burnley,54,43,50,25.76,182.91,77.27,70.94,5955303,34848,17.47,0.0
10,2019,Sheffield United,54,39,39,25.6,182.03,75.13,66.27,1438500,7967,64.35,0.0
11,2019,Southampton,52,51,60,23.73,183.39,75.79,71.42,5977121,30152,52.74,54.63
12,2019,Everton,49,44,56,24.21,182.45,75.73,73.94,8438181,59606,108.9,127.2
13,2019,Newcastle United,44,38,58,24.67,182.76,79.12,70.97,5371818,29424,65.61,0.0
14,2019,Crystal Palace,43,31,50,25.21,183.42,75.06,71.12,5714696,32606,6.84,20.52
15,2019,Brighton & Hove Albion,41,39,54,25.39,181.88,76.64,71.24,4984545,28879,67.45,69.2
16,2019,West Ham United,39,49,62,25.61,181.94,75.64,72.91,7811060,53394,108.18,83.37
17,2019,Aston Villa,35,41,67,25.47,182.27,75.37,68.8,3128000,16100,143.19,0.0
18,2019,Bournemouth,34,40,65,24.42,181.33,74.48,69.82,4545757,32364,50.81,53.96
19,2019,Watford,34,36,64,26.06,184.64,80.3,72.76,5983636,35939,43.2,44.85
20,2019,Norwich City,21,26,75,24.9,182.43,76.5,68.73,1979166,13067,7.939000000000001,0.0
1,2018,Manchester City,98,57,12,23.48,181.67,74.15,74.12,17536818,95667,70.73100000000002,183.33
2,2018,Liverpool,97,55,10,24.09,181.18,74.88,75.91,14128030,83394,163.98,130.79
3,2018,Chelsea,72,39,12,24.39,182.06,77.09,76.52,20360909,107424,187.92,180.63
4,2018,Tottenham Hotspur,71,34,16,23.39,183.18,78.03,73.52,15938030,68788,0.0,61.5
5,2018,Arsenal,70,42,16,24.73,181.12,74.73,75.76,15453030,91121,72.14,103.82
6,2018,Manchester United,66,33,25,24.64,184.45,75.82,77.67,18503787,107788,74.43,139.83
7,2018,Wolverhampton Wanderers,57,28,21,23.6,183.83,77.33,69.3,3652666,24833,101.03000000000002,0.0
8,2018,Everton,54,30,21,25.18,180.91,75.27,74.73,10062121,75727,89.83,116.7
9,2018,Leicester City,52,24,20,25.15,183.21,80.3,72.18,7160151,45000,103.13999999999996,88.32
10,2018,West Ham United,52,32,27,24.52,182.64,75.03,71.48,6894242,61818,90.81,72.36
11,2018,Watford,50,26,28,26.33,183.76,80.06,74.18,6571969,40848,27.1,51.59
12,2018,Crystal Palace,49,19,23,25.24,183.21,76.03,70.58,5480454,35242,10.670000000000002,48.63
13,2018,Bournemouth,45,30,25,24.88,181.58,75.79,70.15,4161515,38273,80.19,49.23
14,2018,Newcastle United,45,24,25,24.06,182.15,75.48,70.79,4879242,39848,53.78000000000001,0.0
15,2018,Burnley,40,24,32,25.18,181.33,74.39,68.58,3971666,32697,29.70000000000001,0.0
16,2018,Southampton,39,27,30,24.21,181.82,75.12,71.88,7053636,51182,56.03,57.72
17,2018,Brighton & Hove Albion,36,19,28,25.94,181.58,76.48,70.33,3647272,30788,79.854,0.0
18,2018,Cardiff City,34,21,38,26.53,182.43,77.03,66.93,1291666,14567,46.09,0.0
19,2018,Fulham,26,22,36,23.67,180.1,73.3,68.37,3163333,27133,104.86,0.0
20,2018,Huddersfield Town,16,10,31,24.36,184.64,77.39,66.88,2671363,23273,45.63,0.0
1,2017,Manchester City,100,61,14,24.82,180.67,73.85,75.55,14637727,59333,285.75,222.21
2,2017,Manchester United,81,38,9,24.72,183.88,76.28,77.91,17663593,69531,178.56,161.82
3,2017,Tottenham Hotspur,77,40,16,22.64,182.82,74.15,73.03,11726060,47485,109.35,82.8
4,2017,Liverpool,75,45,10,23.7,182.42,75.33,74.73,11576060,51091,156.495,114.08
5,2017,Chelsea,70,30,16,24.27,183.18,77.12,75.55,15741818,63333,234.45,145.14
6,2017,Arsenal,63,54,20,24.48,182.76,75.21,76.15,15521969,62545,137.57,87.72
7,2017,Burnley,54,16,17,23.94,183.09,75.73,66.15,1906818,5242,32.166,0.0
8,2017,Everton,49,28,22,25.03,180.3,75.58,73.55,8146969,45364,182.88,101.43
9,2017,Leicester City,47,25,22,24.7,181.88,74.58,71.52,6775000,20364,79.38,68.91
10,2017,Crystal Palace,44,29,27,25.42,183.91,77.36,71.27,5042575,19455,44.06,53.72
11,2017,Newcastle United,44,21,17,24.43,182.2,76.03,72.13,3723333,6900,41.85,0.0
12,2017,Bournemouth,44,26,30,24.12,181.27,76.06,69.06,2993484,5758,30.87,39.03
13,2017,West Ham United,42,24,26,24.12,182.48,75.85,72.55,7179242,44121,51.12000000000001,57.9
14,2017,Watford,41,27,31,26.03,183.61,80.09,71.61,4477272,8818,64.26,67.62
15,2017,Brighton & Hove Albion,40,24,25,26.27,181.57,76.57,69.7,1781333,4333,60.3,0.0
16,2017,Huddersfield Town,37,16,25,23.73,182.3,76.27,64.57,1009000,2733,51.08,0.0
17,2017,Southampton,36,20,26,24.21,180.76,75.7,71.94,5041060,18576,55.13,57.08
18,2017,Stoke City,33,20,30,26.21,183.64,77.12,72.73,6788939,22303,51.93,45.04
19,2017,Swansea City,33,17,24,24.79,182.7,75.79,70.85,4705757,18848,66.047,45.99
20,2017,West Bromwich Albion,31,21,29,24.56,184.06,76.97,68.59,3303281,13156,48.15,40.29
1,2016,Chelsea,93,55,17,24.07,183.04,76.46,76.32,17316071,102857,119.52,108.3
2,2016,Tottenham Hotspur,86,47,9,22.77,182.13,74.17,72.73,7761500,54067,75.14999999999998,60.9
3,2016,Manchester City,78,37,17,26.21,179.83,74.9,77.21,14970689,97034,193.5,157.8
4,2016,Liverpool,76,45,18,24.19,181.07,75.15,76.11,10711111,78370,71.91,107.35
5,2016,Arsenal,75,39,16,24.44,181.12,72.78,74.44,12559062,82344,101.736,77.56
6,2016,Manchester United,69,26,12,24.7,182.3,74.67,76.26,13582037,83333,166.5,160.91
7,2016,Everton,61,42,16,25.75,181.07,75.14,74.36,6733928,53679,77.39999999999998,52.52
8,2016,Southampton,46,17,21,24.35,181.97,76.26,72.06,4696129,34484,62.00999999999999,67.5
9,2016,Bournemouth,46,35,29,25.79,182.0,77.69,69.9,2162758,23414,36.626,0.0
10,2016,West Bromwich Albion,45,27,22,25.37,182.27,76.9,70.13,3350000,32033,34.11,31.71
11,2016,West Ham United,45,19,31,24.13,182.61,75.9,70.45,4050161,36613,75.15,51.41
12,2016,Leicester City,44,31,25,25.74,180.65,74.87,69.39,2496612,26581,82.44000000000003,49.31
13,2016,Stoke City,44,24,24,26.96,184.61,78.82,73.86,5223928,42429,34.903,28.27
14,2016,Crystal Palace,41,24,25,26.76,183.83,78.1,72.83,3330517,36828,91.17,48.4
15,2016,Swansea City,41,27,34,25.77,181.9,77.17,72.07,4596666,37767,52.29,36.43
16,2016,Burnley,40,26,20,26.48,182.85,77.07,69.04,1390370,17630,41.03999999999999,0.0
17,2016,Watford,40,25,29,26.86,183.39,78.54,71.32,2790178,32536,63.41499999999999,0.0
18,2016,Hull City,34,28,35,24.96,182.25,76.25,67.75,2003392,22536,36.00000000000001,0.0
19,2016,Middlesbrough,28,17,23,25.81,183.93,77.11,67.85,1437777,17926,43.16,0.0
20,2016,Sunderland,24,16,34,25.56,181.5,76.0,71.22,3335156,33688,37.72,39.14
1,2015,Leicester City,81,35,18,25.03,181.85,75.76,66.45,0,0,44.91,0.0
2,2015,Arsenal,71,31,11,23.82,181.21,73.0,74.18,0,0,23.85,58.42
3,2015,Tottenham Hotspur,70,35,15,24.39,183.15,76.61,73.48,0,0,63.89999999999999,72.61
4,2015,Manchester United,66,27,9,23.94,183.0,75.45,73.39,0,0,140.39999999999998,128.55
5,2015,Manchester City,66,47,21,25.48,182.55,76.82,73.42,0,0,187.376,128.1
6,2015,Southampton,63,39,22,23.12,182.48,76.09,68.91,0,0,54.09,58.71
7,2015,West Ham United,62,34,26,24.66,183.0,75.97,69.09,0,0,47.43,33.56
8,2015,Liverpool,60,33,22,23.42,180.27,73.85,73.06,0,0,113.85,100.81
9,2015,Stoke City,51,22,24,25.45,185.33,78.18,70.09,0,0,48.29,18.74
10,2015,Chelsea,50,32,30,23.76,183.42,77.3,73.27,0,0,81.45,107.57
11,2015,Everton,47,35,30,25.33,180.67,75.55,72.36,0,0,44.01,36.26
12,2015,Swansea City,47,20,20,24.61,181.36,77.36,68.7,0,0,19.629,26.99
13,2015,Watford,45,20,19,25.33,182.13,76.4,66.33,0,0,75.17999999999998,0.0
14,2015,West Bromwich Albion,43,20,26,25.45,182.3,77.79,69.27,0,0,38.61,25.05
15,2015,Bournemouth,42,23,34,25.03,180.63,75.97,63.93,0,0,49.604000000000006,0.0
16,2015,Crystal Palace,42,19,23,26.42,182.52,76.21,69.42,0,0,25.92,27.91
17,2015,Sunderland,39,23,20,23.85,182.33,76.0,68.03,0,0,59.45,36.75
18,2015,Newcastle United,37,32,24,24.06,181.97,77.42,70.48,0,0,97.124,0.0
19,2015,Norwich City,34,26,30,25.7,182.3,76.83,69.4,0,0,39.47,0.0
10,2015,Aston Villa,17,14,35,24.41,182.47,76.03,69.47,0,0,59.895,0.0
1,2019,Juventus,83,76,43,27.16,184.96,80.16,82.16,27679000,130840,201.15,194.28
2,2019,FC Internazionale Milano,82,81,36,27.46,182.83,76.96,79.71,19418125,66792,171.28400000000005,127.64
3,2019,SS Lazio,78,79,42,25.52,182.88,77.06,75.39,10884848,38273,41.078,36.29
4,2019,Atalanta,78,98,48,24.72,185.28,78.68,72.64,6632200,20880,51.13,49.78
5,2019,AS Roma,70,77,51,25.65,185.04,77.65,77.35,12983653,53769,102.69,110.81
6,2019,AC Milan,66,63,46,25.48,182.41,76.52,78.03,14662068,72552,94.05,146.03
7,2019,Napoli,62,61,50,25.92,180.8,74.28,79.84,19816000,70000,176.85000000000005,100.5
9,2019,Parma,49,56,57,27.69,181.07,74.38,69.9,2802413,22655,0.0,0.0
9,2019,Parma,49,56,57,27.69,181.07,74.38,69.9,2802413,22655,22.384,0.0
10,2019,ACF Fiorentina,49,51,48,24.13,184.17,76.04,74.04,7315652,39261,40.72,54.44
11,2019,Hellas Verona,49,47,51,24.69,182.79,75.66,67.52,1518275,7379,18.669,0.0
12,2019,Bologna,47,52,65,25.46,184.82,77.75,72.71,4771428,21714,64.434,0.0
13,2019,Udinese Calcio,45,37,51,23.57,183.93,78.33,71.77,5071666,15533,11.34,25.38
14,2019,Cagliari Calcio,45,52,56,27.96,182.52,76.24,72.48,4088000,22360,38.15999999999999,0.0
15,2019,Sampdoria,42,48,65,24.78,182.96,76.37,72.11,5162407,23704,58.45500000000001,51.35
16,2019,Torino,40,46,68,25.35,182.65,76.27,73.35,7524423,28423,26.28,31.94
17,2019,Genoa,39,47,73,25.76,183.4,75.6,72.16,4001600,12240,44.145,36.46
18,2019,Lecce,35,52,85,26.62,181.38,76.38,64.45,744137,2793,5.535,0.0
19,2019,Brescia,25,35,79,23.63,183.5,75.7,65.83,1078000,2300,16.790000000000006,0.0
20,2019,SPAL,20,27,70,26.41,185.3,78.11,70.74,3567592,10111,22.815,0.0
1,2018,Juventus,90,39,13,27.77,184.0,79.69,81.65,23734615,121731,233.73,185.97
2,2018,Napoli,79,41,16,26.07,180.48,74.3,77.67,15474814,62630,63.45,71.28
3,2018,Atalanta,69,36,19,24.11,185.14,78.25,71.18,5672857,23893,48.605,37.04
4,2018,FC Internazionale Milano,69,27,10,25.96,183.75,76.29,76.67,13677291,54542,87.84,118.41
5,2018,AC Milan,68,31,17,24.71,183.81,77.26,75.58,11658387,63677,169.01999999999995,123.55
6,2018,AS Roma,66,43,26,26.04,182.67,76.67,77.37,13695555,59926,147.7,107.36
7,2018,Torino,63,32,19,25.33,183.37,76.26,73.74,7250185,38519,47.835,31.72
8,2018,SS Lazio,59,36,25,25.12,183.48,76.88,73.24,8183333,34182,42.51000000000001,32.41
9,2018,Sampdoria,53,28,16,25.21,183.57,77.61,72.04,5169821,26929,49.68000000000001,43.76
10,2018,Bologna,44,28,22,24.83,183.83,76.97,71.7,4703000,33267,28.094,0.0
12,2018,Udinese Calcio,43,22,22,23.88,184.34,77.53,70.22,4004687,16406,44.46000000000001,27.3
13,2018,SPAL,42,20,26,25.17,183.9,77.14,69.31,3085000,14931,19.57,0.0
14,2018,Parma,41,18,25,27.73,180.13,73.27,65.0,998333,5700,0.0,0.0
14,2018,Parma,41,18,25,27.73,180.13,73.27,65.0,998333,5700,18.91,0.0
15,2018,Cagliari Calcio,41,23,20,26.96,182.46,75.08,71.54,3615625,33708,20.248,0.0
16,2018,ACF Fiorentina,41,25,19,22.74,183.0,75.52,71.1,6648387,30097,51.40699999999999,45.58
18,2018,Genoa,38,21,22,27.15,182.56,75.56,72.52,4970370,28037,52.49300000000001,29.91
1,2017,Juventus,95,45,8,27.33,183.41,79.59,81.0,17967592,80630,147.96000000000004,154.53
2,2017,Napoli,91,43,18,25.52,182.3,75.52,77.78,12563703,56852,61.21,62.94
3,2017,AS Roma,77,31,19,25.58,181.62,75.23,76.19,11063653,55731,82.04,76.16
4,2017,FC Internazionale Milano,72,37,16,25.48,182.33,75.45,75.15,10423181,54576,123.795,119.87
5,2017,SS Lazio,72,45,21,24.23,183.81,76.03,74.0,6903225,40161,25.29,29.42
6,2017,AC Milan,64,25,16,25.48,183.44,76.7,76.78,8207407,51185,175.03199999999995,97.89
7,2017,Atalanta,60,30,18,26.24,184.28,78.45,72.0,3467413,14207,49.61,27.94
8,2017,ACF Fiorentina,57,27,22,24.3,183.56,76.93,73.26,6502222,43000,71.19,38.92
9,2017,Sampdoria,54,36,20,25.31,182.62,77.34,72.07,3956724,14000,45.905,37.6
10,2017,Torino,54,29,18,26.54,182.65,76.35,75.0,5849038,20308,21.69,24.19
12,2017,Genoa,41,23,27,25.03,181.52,75.86,71.34,3735689,16069,12.753,17.42
13,2017,Udinese Calcio,40,24,30,24.69,183.69,75.93,74.0,4731896,18517,20.332,18.9
15,2017,Bologna,39,25,26,24.9,183.32,75.58,72.26,3637903,13097,11.7,0.0
16,2017,Cagliari Calcio,39,18,30,28.33,183.12,75.38,72.12,2337083,6583,27.977,0.0
17,2017,SPAL,38,22,29,24.54,182.46,75.54,63.14,539285,1393,0.0,0.0
18,2017,FC Crotone,35,23,25,24.22,183.66,76.44,66.06,1153906,2375,2.7,0.0
19,2017,Hellas Verona,25,14,35,26.79,181.92,74.46,69.54,1705833,4292,2.75,0.0
1,2016,Juventus,91,48,9,26.31,182.96,77.31,79.35,15003846,102154,176.21999999999997,123.24
2,2016,AS Roma,87,50,18,26.7,182.37,75.48,76.15,9617777,68556,92.34,78.67
3,2016,Napoli,86,44,19,25.73,182.62,76.08,76.65,10291153,74000,89.181,52.98
4,2016,Atalanta,72,31,18,27.7,182.63,77.52,71.81,2759629,29889,12.906000000000002,14.73
5,2016,SS Lazio,70,40,23,25.87,183.5,77.7,75.23,7606666,59100,29.43500000000001,24.81
6,2016,AC Milan,63,32,20,26.26,182.81,77.93,76.26,7828703,65963,26.599999999999994,44.62
7,2016,FC Internazionale Milano,62,44,22,25.18,181.93,76.89,75.43,8390178,61786,143.6,83.69
8,2016,ACF Fiorentina,60,34,23,25.76,184.24,78.16,73.96,5548000,43480,14.157,17.92
9,2016,Torino,53,43,31,26.68,183.71,77.79,74.04,4833214,38214,25.63,23.62
10,2016,Sampdoria,48,28,23,25.54,182.54,77.39,70.46,3073571,29571,35.69,29.57
11,2016,Cagliari Calcio,47,38,34,24.68,182.88,76.32,68.44,1299000,15720,8.316,0.0
13,2016,Udinese Calcio,45,30,23,25.36,182.46,76.04,72.32,3186607,30500,17.099999999999998,20.89
15,2016,Bologna,41,24,25,26.0,182.19,74.84,69.39,2073064,20645,28.17,0.0
16,2016,Genoa,36,24,24,25.62,181.38,75.55,71.79,3837413,34207,24.480000000000004,15.4
17,2016,FC Crotone,34,21,25,23.79,181.08,73.38,63.75,556041,5583,5.355,0.0
19,2016,Palermo,26,13,30,24.33,183.44,77.44,68.93,2221481,21296,7.63,12.13
1,2015,Juventus,91,37,6,26.06,182.64,76.21,74.15,0,0,139.414,78.15
2,2015,Napoli,82,49,12,24.94,182.78,76.75,70.5,0,0,38.43,55.49
3,2015,AS Roma,80,44,17,26.24,182.09,75.61,73.45,0,0,54.094,70.5
4,2015,FC Internazionale Milano,67,29,15,24.24,181.85,76.3,69.88,0,0,92.21,0.0
5,2015,ACF Fiorentina,64,34,16,26.33,183.42,77.61,73.0,0,0,31.41,29.19
7,2015,AC Milan,57,28,22,27.48,183.44,78.48,76.67,0,0,92.04299999999999,48.69
8,2015,SS Lazio,54,32,23,26.21,182.91,76.97,72.64,0,0,33.53,23.05
11,2015,Genoa,46,29,19,24.48,180.39,75.09,67.24,0,0,15.029999999999998,14.28
12,2015,Atalanta,45,27,21,27.59,180.28,75.34,69.07,0,0,21.314000000000004,13.83
13,2015,Torino,45,25,25,26.64,182.94,76.67,69.55,0,0,25.245000000000005,21.2
14,2015,Bologna,42,20,21,25.75,180.96,74.82,64.89,0,0,23.965,0.0
15,2015,Sampdoria,40,29,25,25.18,183.43,77.64,69.68,0,0,31.201,23.56
16,2015,Palermo,39,24,30,25.57,184.43,78.0,67.3,0,0,11.025,0.0
17,2015,Udinese Calcio,39,18,28,24.97,181.94,76.62,70.56,0,0,19.283,22.51
1,2015,Hellas Verona,28,21,30,26.26,182.77,75.42,67.81,0,0,5.67,0.0
1,2019,Real Madrid,87,70,25,24.03,181.21,75.64,77.85,26668939,150333,317.25,166.73
2,2019,FC Barcelona,82,86,38,24.75,179.75,74.36,80.29,29925892,169536,245.7,236.88
3,2019,Atlético Madrid,70,51,27,23.79,181.39,75.0,74.73,19432727,46333,219.15,151.8
4,2019,Sevilla FC,70,54,34,25.27,179.2,74.23,74.87,9395000,17733,159.98,100.46
5,2019,Villarreal CF,60,63,49,26.84,181.65,74.52,74.81,9303225,25871,40.31999999999999,55.14
6,2019,Granada CF,56,52,45,24.83,180.66,74.48,66.69,1310000,4241,7.875,0.0
7,2019,Real Sociedad,56,56,48,23.93,180.97,75.77,73.23,7781666,22700,19.125,16.42
8,2019,Getafe CF,54,43,37,25.46,181.46,74.64,72.96,5911607,17071,19.35,0.0
9,2019,Valencia CF,53,46,53,23.39,181.97,74.06,75.84,13846774,31097,67.49999999999999,77.76
10,2019,CA Osasuna,52,46,54,26.04,181.08,73.77,68.31,1673076,5385,12.785,0.0
11,2019,Athletic Club Bilbao,51,41,38,25.06,181.73,77.06,74.03,7647878,17818,0.0,19.47
12,2019,Levante UD,49,47,53,24.76,180.94,74.3,72.27,5660606,17394,11.34,0.0
13,2019,SD Eibar,42,39,56,26.31,179.97,73.9,73.41,6284137,19241,15.39,9.76
14,2019,Real Valladolid CF,42,32,43,24.9,179.45,72.1,69.35,3030161,11097,1.26,0.0
15,2019,Real Betis,41,48,60,25.54,181.54,75.81,75.88,11449423,23731,90.23,0.0
16,2019,Deportivo Alavés,39,34,59,24.7,182.56,75.33,73.07,6250925,17037,9.7,9.94
17,2019,RC Celta Vigo,37,37,49,23.67,179.55,73.52,72.45,6915151,15758,22.14,24.18
18,2019,CD Leganés,36,30,51,25.38,181.69,74.12,71.53,4398437,18750,14.76,12.36
19,2019,RCD Mallorca,33,40,65,26.07,179.93,73.37,65.33,655740,3074,6.750000000000001,0.0
20,2019,RCD Espanyol,25,27,59,25.3,179.7,74.07,71.5,5032166,16567,55.35,30.34
1,2018,FC Barcelona,87,51,17,26.25,179.83,75.12,82.38,29791666,188833,116.19000000000004,192.41
2,2018,Atlético Madrid,76,32,10,24.78,180.19,73.59,75.88,17692187,49406,144.45000000000005,102.45
3,2018,Real Madrid,68,32,15,24.58,180.42,74.0,81.04,31798076,182731,146.48000000000005,69.98
4,2018,Valencia CF,61,24,12,23.41,180.89,73.63,74.59,8939814,29407,116.28000000000002,66.06
5,2018,Getafe CF,59,28,13,26.23,179.19,71.74,70.65,3379677,17000,24.53,0.0
6,2018,Sevilla FC,59,39,20,26.22,181.07,75.89,77.0,11555185,20556,71.145,71.64
7,2018,Athletic Club Bilbao,53,26,19,25.75,182.43,76.61,75.75,9794642,22643,29.61,19.47
8,2018,RCD Espanyol,53,28,22,25.83,181.3,75.47,74.7,6871666,25000,20.34,17.42
9,2018,Real Betis,50,25,26,25.42,180.5,74.54,73.46,6960416,22542,34.65,0.0
10,2018,Deportivo Alavés,50,19,19,24.0,181.84,74.29,71.19,4818548,20581,9.018,8.6
11,2018,Real Sociedad,50,23,20,24.48,180.87,75.13,73.84,9283870,23161,10.8,15.45
12,2018,SD Eibar,47,31,21,26.03,182.24,74.83,73.41,6239655,16724,7.2,7.21
13,2018,CD Leganés,45,19,16,26.55,180.48,74.28,72.66,4918965,19897,16.83,9.07
14,2018,Villarreal CF,44,28,26,24.76,181.33,74.0,73.36,9173484,27576,83.60999999999999,58.49
15,2018,Levante UD,44,34,34,23.91,181.44,74.09,70.75,4327812,15062,23.4,0.0
16,2018,RC Celta Vigo,41,31,25,23.65,179.71,73.84,71.77,6351612,15839,26.55,19.32
17,2018,Real Valladolid CF,41,16,26,24.47,180.0,73.87,68.23,2065833,5967,9.09,0.0
18,2018,Girona FC,37,17,28,24.52,181.79,74.21,71.48,4302758,24379,9.18,0.0
19,2018,SD Huesca,33,24,30,25.46,181.46,75.96,66.96,1148214,4571,7.200000000000001,0.0
20,2018,Rayo Vallecano,32,25,32,27.31,179.62,72.62,70.1,2256206,10724,11.07,0.0
1,2017,FC Barcelona,93,53,11,23.88,180.5,74.91,77.81,21955468,79688,348.75,168.98
2,2017,Atlético Madrid,79,30,8,25.1,181.28,74.07,77.45,17008448,63862,91.8,97.38
3,2017,Real Madrid,76,54,20,24.09,180.79,74.79,78.55,23399242,82848,36.45,46.65
4,2017,Valencia CF,73,36,16,23.65,180.39,73.81,74.35,8198387,42484,49.50000000000001,70.47
5,2017,Villarreal CF,61,35,22,25.15,180.09,73.39,75.27,8878787,47424,41.49,44.78
6,2017,Real Betis,60,35,31,24.82,179.57,73.07,73.39,5235714,6357,34.65,0.0
7,2017,Sevilla FC,58,31,22,25.74,181.7,75.96,77.52,11730370,61333,70.24499999999999,61.12
8,2017,Getafe CF,55,26,13,27.22,180.0,74.74,70.26,1756296,4778,11.615000000000002,0.0
9,2017,Girona FC,51,26,22,25.41,182.41,75.59,68.3,1452962,3407,7.88,0.0
10,2017,SD Eibar,51,26,19,25.23,181.27,74.5,72.81,4115769,9538,6.705000000000001,5.92
11,2017,RC Celta Vigo,49,34,23,23.97,179.24,73.45,73.36,6278030,17788,23.85,15.36
12,2017,Real Sociedad,49,47,29,24.45,181.73,75.06,72.7,5855606,8758,19.35,19.38
13,2017,RCD Espanyol,49,20,16,25.96,181.39,75.54,74.07,5338392,10036,15.345,11.58
14,2017,Deportivo Alavés,47,21,23,24.07,181.97,73.57,71.1,3161666,6433,11.1,0.0
15,2017,Levante UD,46,25,28,24.54,180.11,73.93,70.39,2571071,5036,8.19,0.0
16,2017,CD Leganés,43,19,19,24.76,179.04,73.04,71.96,3213200,6920,5.49,0.0
17,2017,Athletic Club Bilbao,43,19,16,25.27,182.2,77.03,75.1,7937500,45200,28.8,12.0
18,2017,RCD La Coruña,29,22,33,25.36,179.73,73.42,72.12,4109090,9697,8.55,7.35
19,2017,UD Las Palmas,22,15,38,25.38,178.62,72.47,72.0,4261875,7844,0.315,2.9
20,2017,Málaga CF,20,14,27,24.69,180.9,73.38,72.55,5250517,8069,9.45,9.51
1,2016,Real Madrid,93,48,20,23.81,181.42,75.03,77.13,19692741,106581,27.0,72.3
2,2016,FC Barcelona,90,64,17,24.97,179.1,74.1,78.59,20170689,120724,112.28,102.74
3,2016,Atlético Madrid,78,40,14,24.88,181.48,74.16,76.92,12458000,82960,71.1,109.67
4,2016,Sevilla FC,72,39,16,25.47,181.16,76.06,74.66,8131875,60281,73.52999999999999,44.0
5,2016,Villarreal CF,67,35,18,24.21,181.32,74.5,74.25,7024107,40500,50.36,36.56
6,2016,Real Sociedad,64,30,24,24.69,182.22,75.56,72.38,5696093,49125,16.2,16.53
7,2016,Athletic Club Bilbao,63,36,18,26.2,182.0,76.84,76.12,8057000,63280,0.0,2.7
8,2016,RCD Espanyol,56,28,24,24.07,181.62,75.52,70.86,2964655,28655,16.560000000000002,7.13
9,2016,Deportivo Alavés,55,19,21,26.95,180.64,73.59,66.14,658863,3818,5.695000000000001,0.0
10,2016,SD Eibar,54,29,21,24.67,180.85,74.56,69.11,2375925,10963,7.7399999999999975,3.74
11,2016,Málaga CF,46,32,25,25.39,179.9,73.26,71.48,3612580,31323,11.282,6.81
12,2016,Valencia CF,46,32,32,23.19,179.32,74.55,74.39,9423064,58290,32.4,69.96
13,2016,RC Celta Vigo,45,30,32,23.06,179.55,74.03,70.77,4229354,30742,7.56,8.55
14,2016,Real Betis,39,22,24,25.72,181.59,75.78,71.44,2664687,29250,18.81,0.0
15,2016,UD Las Palmas,39,33,25,27.1,180.31,73.9,70.24,1895172,22759,2.6100000000000003,0.0
16,2016,RCD La Coruña,36,27,23,26.79,180.29,74.57,72.21,3210714,31643,6.3,4.92
17,2016,CD Leganés,35,22,23,24.88,179.5,73.73,65.54,877692,1692,4.905,0.0
18,2016,Sporting Gijón,31,26,38,23.81,180.52,73.74,70.37,2653518,23259,0.8999999999999999,0.0
19,2016,CA Osasuna,22,23,39,23.64,180.71,73.57,65.0,716964,7857,1.98,0.0
20,2016,Granada CF,20,17,32,24.07,181.53,76.57,70.73,2601333,26700,10.415,0.0
1,2015,FC Barcelona,91,67,14,25.54,178.12,71.92,79.75,0,0,45.90000000000001,95.68
2,2015,Real Madrid,90,70,16,23.79,181.73,75.82,75.21,0,0,76.50000000000001,115.95
3,2015,Atlético Madrid,88,33,7,24.69,181.28,75.1,74.45,0,0,129.25000000000003,96.77
4,2015,Villarreal CF,64,26,12,23.85,179.36,74.06,70.88,0,0,42.48,24.57
5,2015,Athletic Club Bilbao,62,35,17,24.39,181.06,75.27,70.88,0,0,7.2,7.32
6,2015,RC Celta Vigo,60,29,25,23.43,179.43,74.17,68.1,0,0,14.670000000000002,7.53
7,2015,Sevilla FC,52,38,21,24.09,179.7,74.33,71.58,0,0,39.6,30.62
8,2015,Málaga CF,48,26,15,25.0,179.12,72.47,70.5,0,0,7.785,4.62
9,2015,Real Sociedad,48,22,20,24.48,181.68,75.26,70.29,0,0,22.59,13.08
10,2015,Real Betis,45,17,23,24.89,180.5,74.93,68.43,0,0,7.9700000000000015,0.0
11,2015,UD Las Palmas,44,25,17,26.25,180.79,74.5,65.32,0,0,5.76,0.0
12,2015,Valencia CF,44,25,23,22.71,179.03,73.77,72.65,0,0,129.51000000000002,65.9
13,2015,RCD Espanyol,43,22,28,24.3,180.06,73.55,67.15,0,0,2.84,1.83
14,2015,SD Eibar,43,26,22,27.43,181.7,77.17,70.35,0,0,3.33,0.0
15,2015,RCD La Coruña,42,25,34,25.12,179.76,73.36,68.64,0,0,7.1999999999999975,0.0
16,2015,Sporting Gijón,39,28,28,23.25,181.57,74.79,64.14,0,0,0.0,0.0
17,2015,Granada CF,39,26,31,24.69,181.25,77.53,68.34,0,0,3.465,0.0
18,2015,Rayo Vallecano,38,29,29,24.84,178.91,72.66,68.66,0,0,0.36,0.0
19,2015,Getafe CF,36,23,20,25.73,181.42,75.0,68.65,0,0,0.243,0.0
7,2015,Levante UD,32,23,26,26.07,180.93,75.27,69.93,0,0,5.895,0.0
