,Ranking,Year,Teams,Points,Goals+,Goals-,avg age,avg heights (cm),avg weight (kg),avg player rating,avg player value (EU),avg player wage,Shots pg,Yellowcard,RedCard,Possession%,Pass%,AerialsWon,Country,Transfer Spend (Euros),MA
0,1,2014,Chelsea,87.0,73.0,32.0,23.76,183.42,77.3,73.27,0.0,0.0,14.8,73,4,54.1,83.2,18.6,England,123.93,113.33
1,2,2014,Manchester City,79.0,83.0,38.0,25.48,182.55,76.82,73.42,0.0,0.0,17.6,77,2,57.0,84.6,15.9,England,92.52,84.23
2,3,2014,Arsenal,75.0,71.0,36.0,23.82,181.21,73.0,74.18,0.0,0.0,16.1,68,2,55.7,83.8,19.8,England,107.09,67.27
3,4,2014,Manchester United,70.0,62.0,37.0,23.94,183.0,75.45,73.39,0.0,0.0,13.5,64,5,58.8,85.1,15.8,England,175.82000000000005,104.68
4,5,2014,Tottenham Hotspur,64.0,58.0,53.0,24.39,183.15,76.61,73.48,0.0,0.0,13.9,79,4,55.2,81.2,16.0,England,43.64,73.28
5,6,2014,Liverpool,62.0,52.0,48.0,23.42,180.27,73.85,73.06,0.0,0.0,15.5,66,3,54.3,82.8,14.9,England,136.29000000000002,84.04
6,7,2014,Southampton,60.0,54.0,33.0,23.12,182.48,76.09,68.91,0.0,0.0,13.4,57,3,51.9,79.7,16.9,England,86.4,53.13
7,8,2014,Swansea City,56.0,46.0,49.0,24.61,181.36,77.36,68.7,0.0,0.0,11.2,48,5,50.7,82.1,14.4,England,37.38,26.58
8,9,2014,Stoke City,54.0,48.0,45.0,25.45,185.33,78.18,70.09,0.0,0.0,13.2,82,1,50.2,77.5,24.4,England,1.62,9.75
9,10,2014,Crystal Palace,48.0,47.0,51.0,26.42,182.52,76.21,69.42,0.0,0.0,11.6,63,4,42.7,69.4,23.7,England,28.106,
10,11,2014,West Ham United,47.0,48.0,50.0,24.66,183.0,75.97,69.09,0.0,0.0,12.7,66,2,53.6,82.5,15.3,England,31.64,24.92
11,12,2014,Everton,47.0,44.0,47.0,25.33,180.67,75.55,72.36,0.0,0.0,12.9,64,2,46.7,74.6,22.9,England,36.14,28.08
12,13,2014,West Bromwich Albion,44.0,38.0,51.0,25.45,182.3,77.79,69.27,0.0,0.0,10.8,64,3,44.9,75.0,17.2,England,22.4,13.68
13,14,2014,Leicester City,41.0,46.0,55.0,25.03,181.85,75.76,66.45,0.0,0.0,12.0,50,4,44.8,71.1,23.4,England,20.57,
14,15,2014,Newcastle United,39.0,40.0,63.0,24.06,181.97,77.42,70.48,0.0,0.0,12.3,65,7,48.1,76.9,17.7,England,40.52,
15,16,2014,Aston Villa,38.0,31.0,53.0,24.41,182.47,76.03,69.47,0.0,0.0,10.7,94,2,46.2,76.1,15.3,England,12.105,
16,17,2014,Sunderland,38.0,31.0,57.0,23.85,182.33,76.0,68.03,0.0,0.0,11.0,70,7,49.1,79.0,18.4,England,20.26,28.42
17,18,2014,Hull City,35.0,33.0,51.0,25.39,182.15,77.18,68.91,0.0,0.0,11.3,73,6,45.5,76.5,21.9,England,43.41100000000001,
18,19,2014,Burnley,33.0,28.0,53.0,24.79,182.06,76.48,65.85,0.0,0.0,11.3,64,2,44.0,70.3,25.1,England,11.354,
19,20,2014,Queens Park Rangers,30.0,42.0,73.0,25.85,183.12,77.85,69.85,0.0,0.0,14.1,75,3,46.3,70.8,21.7,England,39.191,
20,1,2015,Leicester City,81.0,35.0,18.0,25.74,180.65,74.87,69.39,2496612.0,26581.0,13.7,48,3,44.7,70.5,18.8,England,44.91,
21,2,2015,Arsenal,71.0,31.0,11.0,24.44,181.12,72.78,74.44,12559062.0,82344.0,15.1,40,4,56.9,84.2,15.2,England,23.85,58.42
22,3,2015,Tottenham Hotspur,70.0,35.0,15.0,22.77,182.13,74.17,72.73,7761500.0,54067.0,17.3,72,0,55.3,80.5,14.3,England,63.89999999999999,72.61
23,4,2015,Manchester United,66.0,27.0,9.0,24.7,182.3,74.67,76.26,13582037.0,83333.0,16.2,61,0,55.2,83.1,15.7,England,140.39999999999998,128.55
24,5,2015,Manchester City,66.0,47.0,21.0,26.21,179.83,74.9,77.21,14970689.0,97034.0,11.3,65,1,55.8,82.3,13.1,England,187.376,128.1
25,6,2015,Southampton,63.0,39.0,22.0,24.35,181.97,76.26,72.06,4696129.0,34484.0,13.7,57,6,49.3,77.7,19.3,England,54.09,58.71
26,7,2015,West Ham United,62.0,34.0,26.0,24.13,182.61,75.9,70.45,4050161.0,36613.0,14.7,58,5,49.1,77.6,17.7,England,47.43,33.56
27,8,2015,Liverpool,60.0,33.0,22.0,24.19,181.07,75.15,76.11,10711111.0,78370.0,16.6,61,3,55.0,80.2,16.5,England,113.85,100.81
28,9,2015,Stoke City,51.0,22.0,24.0,26.96,184.61,78.82,73.86,5223928.0,42429.0,11.0,51,4,50.0,79.1,16.4,England,48.29,18.74
29,10,2015,Chelsea,50.0,32.0,30.0,24.07,183.04,76.46,76.32,17316071.0,102857.0,13.8,58,5,54.4,82.5,14.1,England,81.45,107.57
30,11,2015,Everton,47.0,35.0,30.0,25.75,181.07,75.14,74.36,6733928.0,53679.0,12.9,44,5,51.5,81.4,12.9,England,44.01,36.26
31,12,2015,Swansea City,47.0,20.0,20.0,25.77,181.9,77.17,72.07,4596666.0,37767.0,11.6,60,1,52.0,80.9,13.7,England,19.629,26.99
32,13,2015,Watford,45.0,20.0,19.0,26.86,183.39,78.54,71.32,2790178.0,32536.0,11.7,73,3,46.3,72.6,17.4,England,75.17999999999998,
33,14,2015,West Bromwich Albion,43.0,20.0,26.0,25.37,182.27,76.9,70.13,3350000.0,32033.0,10.2,65,3,42.3,70.0,19.1,England,38.61,25.05
34,15,2015,Bournemouth,42.0,23.0,34.0,25.79,182.0,77.69,69.9,2162758.0,23414.0,12.3,60,2,46.8,74.4,17.8,England,49.604000000000006,
35,16,2015,Crystal Palace,42.0,19.0,23.0,26.76,183.83,78.1,72.83,3330517.0,36828.0,12.2,53,1,51.0,79.8,15.3,England,25.92,27.91
36,17,2015,Sunderland,39.0,23.0,20.0,25.56,181.5,76.0,71.22,3335156.0,33688.0,11.6,64,2,43.3,71.0,17.3,England,59.45,36.75
37,18,2015,Newcastle United,37.0,32.0,24.0,24.67,181.9,77.43,72.8,4625000.0,44633.0,10.4,60,5,47.4,76.6,13.9,England,97.124,
38,19,2015,Norwich City,34.0,26.0,30.0,25.52,181.69,74.97,69.31,2149655.0,26069.0,11.0,61,3,46.5,73.6,17.4,England,39.47,
39,20,2015,Aston Villa,17.0,14.0,35.0,24.79,181.62,76.24,72.62,3918103.0,35793.0,10.0,75,3,47.3,77.8,19.1,England,59.895,
40,1,2016,Chelsea,93.0,55.0,17.0,24.27,183.18,77.12,75.55,15741818.0,63333.0,15.3,72,0,54.0,83.9,14.2,England,119.52,108.3
41,2,2016,Tottenham Hotspur,86.0,47.0,9.0,22.64,182.82,74.15,73.03,11726060.0,47485.0,17.6,62,0,57.4,82.5,15.0,England,75.14999999999998,60.9
42,3,2016,Manchester City,78.0,37.0,17.0,24.82,180.67,73.85,75.55,14637727.0,59333.0,16.7,71,4,60.9,85.5,15.4,England,193.5,157.8
43,4,2016,Liverpool,76.0,45.0,18.0,23.7,182.42,75.33,74.73,11576060.0,51091.0,16.8,54,0,58.3,82.4,17.3,England,71.91,107.35
44,5,2016,Arsenal,75.0,39.0,16.0,24.48,182.76,75.21,76.15,15521969.0,62545.0,14.9,68,3,56.5,83.8,16.7,England,101.736,77.56
45,6,2016,Manchester United,69.0,26.0,12.0,24.72,183.88,76.28,77.91,17663593.0,69531.0,15.6,78,2,55.0,84.2,16.4,England,166.5,160.91
46,7,2016,Everton,61.0,42.0,16.0,25.03,180.3,75.58,73.55,8146969.0,45364.0,13.2,72,2,51.5,79.0,17.5,England,77.39999999999998,52.52
47,8,2016,Southampton,46.0,17.0,21.0,24.21,180.76,75.7,71.94,5041060.0,18576.0,14.5,59,2,53.1,80.5,17.1,England,62.00999999999999,67.5
48,9,2016,Bournemouth,46.0,35.0,29.0,24.12,181.27,76.06,69.06,2993484.0,5758.0,11.9,52,3,51.3,81.3,14.4,England,36.626,
49,10,2016,West Bromwich Albion,45.0,27.0,22.0,24.56,184.06,76.97,68.59,3303281.0,13156.0,10.5,80,0,40.7,70.4,17.7,England,34.11,31.71
50,11,2016,West Ham United,45.0,19.0,31.0,24.12,182.48,75.85,72.55,7179242.0,44121.0,13.1,78,5,48.4,78.2,19.1,England,75.15,51.41
51,12,2016,Leicester City,44.0,31.0,25.0,24.7,181.88,74.58,71.52,6775000.0,20364.0,11.4,72,1,43.7,70.1,20.2,England,82.44000000000003,49.31
52,13,2016,Stoke City,44.0,24.0,24.0,26.21,183.64,77.12,72.73,6788939.0,22303.0,11.2,70,2,47.2,75.3,21.3,England,34.903,28.27
53,14,2016,Crystal Palace,41.0,24.0,25.0,25.42,183.91,77.36,71.27,5042575.0,19455.0,11.6,77,0,46.7,73.4,22.0,England,91.17,48.4
54,15,2016,Swansea City,41.0,27.0,34.0,24.79,182.7,75.79,70.85,4705757.0,18848.0,10.7,56,0,48.3,78.9,17.8,England,52.29,36.43
55,16,2016,Burnley,40.0,26.0,20.0,23.94,183.09,75.73,66.15,1906818.0,5242.0,10.3,65,2,42.7,67.8,24.0,England,41.03999999999999,
56,17,2016,Watford,40.0,25.0,29.0,26.03,183.61,80.09,71.61,4477272.0,8818.0,11.1,84,5,47.0,74.0,19.1,England,63.41499999999999,
57,18,2016,Hull City,34.0,28.0,35.0,25.12,182.48,76.79,68.7,2543787.0,5970.0,10.4,67,5,46.7,77.4,15.5,England,36.00000000000001,
58,19,2016,Middlesbrough,28.0,17.0,23.0,25.3,182.42,75.67,69.76,3287727.0,6727.0,9.2,77,1,47.9,77.3,20.3,England,43.16,
59,20,2016,Sunderland,24.0,16.0,34.0,24.09,181.24,74.91,70.67,3739545.0,13212.0,10.2,78,4,42.8,72.6,16.2,England,37.72,39.14
60,1,2017,Manchester City,100.0,61.0,14.0,23.48,181.67,74.15,74.12,17536818.0,95667.0,17.5,59,2,66.4,89.0,13.8,England,285.75,222.21
61,2,2017,Manchester United,81.0,38.0,9.0,24.64,184.45,75.82,77.67,18503787.0,107788.0,13.5,64,1,53.9,83.6,16.6,England,178.56,161.82
62,3,2017,Tottenham Hotspur,77.0,40.0,16.0,23.39,183.18,78.03,73.52,15938030.0,68788.0,16.4,50,2,58.8,83.8,16.3,England,109.35,82.8
63,4,2017,Liverpool,75.0,45.0,10.0,24.09,181.18,74.88,75.91,14128030.0,83394.0,16.8,44,1,58.0,83.8,15.7,England,156.495,114.08
64,5,2017,Chelsea,70.0,30.0,16.0,24.39,182.06,77.09,76.52,20360909.0,107424.0,15.9,42,4,54.4,84.3,16.2,England,234.45,145.14
65,6,2017,Arsenal,63.0,54.0,20.0,24.73,181.12,74.73,75.76,15453030.0,91121.0,15.6,57,2,58.5,84.3,17.0,England,137.57,87.72
66,7,2017,Burnley,54.0,16.0,17.0,25.18,181.33,74.39,68.58,3971666.0,32697.0,9.9,65,0,45.1,70.5,25.2,England,32.166,
67,8,2017,Everton,49.0,28.0,22.0,25.18,180.91,75.27,74.73,10062121.0,75727.0,9.4,51,3,46.7,74.3,20.4,England,182.88,101.43
68,9,2017,Leicester City,47.0,25.0,22.0,25.15,183.21,80.3,72.18,7160151.0,45000.0,11.1,52,5,48.3,74.7,20.9,England,79.38,68.91
69,10,2017,Crystal Palace,44.0,29.0,27.0,25.24,183.21,76.03,70.58,5480454.0,35242.0,11.9,52,2,43.8,72.3,23.8,England,44.06,53.72
70,11,2017,Newcastle United,44.0,21.0,17.0,24.06,182.15,75.48,70.79,4879242.0,39848.0,12.5,72,0,46.9,75.4,20.2,England,41.85,
71,12,2017,Bournemouth,44.0,26.0,30.0,24.88,181.58,75.79,70.15,4161515.0,38273.0,12.2,55,1,48.5,77.0,19.0,England,30.87,39.03
72,13,2017,West Ham United,42.0,24.0,26.0,24.52,182.64,75.03,71.48,6894242.0,61818.0,9.8,73,2,46.4,75.5,19.8,England,51.12000000000001,57.9
73,14,2017,Watford,41.0,27.0,31.0,26.33,183.76,80.06,74.18,6571969.0,40848.0,11.6,63,4,49.3,75.5,22.6,England,64.26,67.62
74,15,2017,Brighton & Hove Albion,40.0,24.0,25.0,25.94,181.58,76.48,70.33,3647272.0,30788.0,10.1,54,2,45.1,74.9,21.4,England,60.3,
75,16,2017,Huddersfield Town,37.0,16.0,25.0,24.36,184.64,77.39,66.88,2671363.0,23273.0,9.5,62,3,46.4,74.0,21.2,England,51.08,
76,17,2017,Southampton,36.0,20.0,26.0,24.21,181.82,75.12,71.88,7053636.0,51182.0,11.8,63,2,51.0,77.5,18.5,England,55.13,57.08
77,18,2017,Stoke City,33.0,20.0,30.0,24.79,184.0,77.21,70.64,6050454.0,41909.0,8.9,51,1,46.0,78.2,18.5,England,51.93,45.04
78,19,2017,Swansea City,33.0,17.0,24.0,25.3,182.82,78.42,71.24,5102272.0,43879.0,10.1,62,1,43.7,71.5,26.0,England,66.047,45.99
79,20,2017,West Bromwich Albion,31.0,21.0,29.0,25.87,184.73,77.47,70.33,5029833.0,43800.0,9.9,73,1,42.8,72.4,21.1,England,48.15,40.29
80,1,2018,Manchester City,98.0,57.0,12.0,24.09,180.45,74.12,76.85,22951363.0,112758.0,18.0,44,1,64.0,89.0,14.3,England,70.73100000000002,183.33
81,2,2018,Liverpool,97.0,55.0,10.0,24.0,180.48,73.18,76.0,18015303.0,88212.0,15.1,37,2,58.8,84.4,16.0,England,163.98,130.79
82,3,2018,Chelsea,72.0,39.0,12.0,25.21,182.82,77.0,76.79,18798787.0,98970.0,16.0,49,0,59.9,87.6,14.0,England,187.92,180.63
83,4,2018,Tottenham Hotspur,71.0,34.0,16.0,24.48,183.06,77.7,75.97,18203333.0,76606.0,14.1,56,3,56.7,83.2,16.1,England,0.0,61.5
84,5,2018,Arsenal,70.0,42.0,16.0,24.61,182.97,75.48,74.79,12470909.0,76182.0,12.3,72,2,56.1,83.3,14.9,England,72.14,103.82
85,6,2018,Manchester United,66.0,33.0,25.0,24.76,183.21,75.36,77.45,19016666.0,106727.0,13.8,73,4,53.3,82.3,18.3,England,74.43,139.83
86,7,2018,Wolverhampton Wanderers,57.0,28.0,21.0,22.97,182.42,78.45,68.64,5249090.0,28364.0,12.6,72,1,47.4,78.2,21.6,England,101.03000000000002,
87,8,2018,Everton,54.0,30.0,21.0,24.21,182.45,75.73,73.94,8438181.0,59606.0,13.1,55,4,51.0,77.3,23.5,England,89.83,116.7
88,9,2018,Leicester City,52.0,24.0,20.0,25.64,181.94,78.3,73.97,7597727.0,44758.0,13.6,57,5,50.8,79.2,21.5,England,103.13999999999996,88.32
89,10,2018,West Ham United,52.0,32.0,27.0,25.61,181.94,75.64,72.91,7811060.0,53394.0,11.6,59,1,49.0,78.7,16.9,England,90.81,72.36
90,11,2018,Watford,50.0,26.0,28.0,26.06,184.64,80.3,72.76,5983636.0,35939.0,11.5,77,4,47.4,76.1,20.3,England,27.1,51.59
91,12,2018,Crystal Palace,49.0,19.0,23.0,25.21,183.42,75.06,71.12,5714696.0,32606.0,13.0,58,2,46.6,76.8,18.1,England,10.670000000000002,48.63
92,13,2018,Bournemouth,45.0,30.0,25.0,24.42,181.33,74.48,69.82,4545757.0,32364.0,11.7,57,2,42.9,72.9,21.2,England,80.19,49.23
93,14,2018,Newcastle United,45.0,24.0,25.0,24.67,182.76,79.12,70.97,5371818.0,29424.0,11.7,60,1,47.7,78.1,18.8,England,53.78000000000001,
94,15,2018,Burnley,40.0,24.0,32.0,25.76,182.91,77.27,70.94,5955303.0,34848.0,9.5,75,1,43.4,70.3,27.6,England,29.70000000000001,
95,16,2018,Southampton,39.0,27.0,30.0,23.73,183.39,75.79,71.42,5977121.0,30152.0,12.7,71,3,45.4,74.0,20.4,England,56.03,57.72
96,17,2018,Brighton & Hove Albion,36.0,19.0,28.0,25.39,181.88,76.64,71.24,4984545.0,28879.0,9.8,60,4,44.1,74.8,22.0,England,79.854,
97,18,2018,Cardiff City,34.0,21.0,38.0,26.21,182.21,76.42,68.27,2700151.0,23030.0,11.0,66,1,39.1,63.9,25.8,England,46.09,
98,19,2018,Fulham,26.0,22.0,36.0,23.39,181.52,75.91,69.91,5670757.0,30606.0,11.9,68,2,49.2,80.3,19.7,England,104.86,
99,20,2018,Huddersfield Town,16.0,10.0,31.0,23.55,183.91,75.82,69.09,4146818.0,23970.0,10.6,55,4,47.1,75.8,22.6,England,45.63,
100,1,2019,Liverpool,99.0,85.0,33.0,24.48,181.21,73.39,75.85,21008030.0,80818.0,15.6,38,1,59.6,84.3,17.6,England,9.36,109.94
101,2,2019,Manchester City,81.0,102.0,35.0,24.33,179.82,72.97,77.0,25628636.0,120727.0,19.6,60,4,62.6,89.3,13.6,England,150.14,168.87
102,3,2019,Manchester United,66.0,66.0,36.0,24.82,183.55,74.97,76.85,15202272.0,87091.0,14.3,73,0,54.6,83.6,15.0,England,192.6,148.53
103,4,2019,Chelsea,66.0,69.0,54.0,24.76,183.18,79.0,77.06,15302121.0,85030.0,16.4,60,0,57.9,85.2,18.7,England,40.5,154.29
104,5,2019,Leicester City,62.0,67.0,41.0,25.52,181.42,76.88,74.36,8232575.0,53000.0,14.2,41,3,55.1,82.8,17.8,England,93.87,92.13
105,6,2019,Tottenham Hotspur,59.0,61.0,47.0,23.88,181.79,76.85,76.48,19692424.0,78879.0,11.7,82,3,51.5,81.4,17.1,England,133.65000000000003,81.0
106,7,2019,Wolverhampton Wanderers,59.0,51.0,40.0,23.76,183.36,77.82,70.45,7016666.0,41970.0,12.1,57,2,48.7,79.2,20.7,England,109.62,
107,8,2019,Arsenal,56.0,56.0,48.0,23.85,182.48,75.76,75.06,13783636.0,61394.0,10.7,86,5,52.9,83.6,13.5,England,144.36,118.02
108,9,2019,Burnley,54.0,43.0,50.0,26.09,182.88,77.85,71.3,5392121.0,23939.0,9.3,61,2,44.4,74.4,25.3,England,17.47,
109,10,2019,Sheffield United,54.0,39.0,39.0,26.21,182.58,76.39,68.88,2932424.0,17909.0,10.2,67,0,43.9,70.0,25.5,England,64.35,
110,11,2019,Southampton,52.0,51.0,60.0,24.3,182.88,75.12,72.24,6386666.0,33273.0,13.1,53,4,49.2,73.4,21.7,England,52.74,54.63
111,12,2019,Everton,49.0,44.0,56.0,25.42,183.58,76.55,75.12,9732575.0,56606.0,12.3,70,3,49.0,78.0,23.1,England,108.9,127.2
112,13,2019,Newcastle United,44.0,38.0,58.0,25.97,181.36,77.45,73.33,6959545.0,29394.0,10.5,66,3,41.8,75.3,19.8,England,65.61,
113,14,2019,Crystal Palace,43.0,31.0,50.0,25.97,184.39,76.82,70.79,5760000.0,33939.0,9.9,62,2,46.4,76.5,20.8,England,6.84,20.52
114,15,2019,Brighton & Hove Albion,41.0,39.0,54.0,25.82,182.3,77.18,72.39,6023939.0,32061.0,12.2,57,2,51.7,81.0,18.7,England,67.45,69.2
115,16,2019,West Ham United,39.0,49.0,62.0,26.0,181.15,75.64,72.58,8412575.0,52939.0,11.0,62,1,45.4,76.1,22.9,England,108.18,83.37
116,17,2019,Aston Villa,35.0,41.0,67.0,24.42,183.7,77.64,69.18,4629090.0,28939.0,12.0,68,1,45.7,76.9,19.0,England,143.19,
117,18,2019,Bournemouth,34.0,40.0,65.0,24.76,183.09,76.09,72.3,6521515.0,38061.0,10.2,74,3,45.6,75.4,21.1,England,50.81,53.96
118,19,2019,Watford,34.0,36.0,64.0,27.0,184.55,79.88,75.0,7257424.0,47788.0,11.2,76,3,44.3,73.5,21.9,England,43.2,44.85
119,20,2019,Norwich City,21.0,26.0,75.0,24.36,183.58,76.03,69.33,3599393.0,23333.0,10.8,68,3,49.8,80.5,14.1,England,7.939000000000001,
120,1,2020,Liverpool,28.0,29.0,19.0,,,,,,,15.6,10,0,59.2,86.1,12.2,England,,
121,2,2020,Tottenham,25.0,25.0,12.0,,,,,,,11.3,16,0,48.9,80.4,16.2,England,,
122,3,2020,Southampton,24.0,25.0,18.0,,,,,,,11.3,19,0,54.1,79.9,16.4,England,,
123,4,2020,Leicester,24.0,24.0,17.0,,,,,,,11.1,28,0,53.0,82.6,14.3,England,,
124,5,2020,Everton,23.0,23.0,18.0,,,,,,,11.5,21,2,49.6,83.1,15.8,England,,
125,6,2020,Manchester United,23.0,22.0,19.0,,,,,,,13.7,19,1,53.3,84.2,15.5,England,,
126,7,2020,Chelsea,22.0,26.0,14.0,,,,,,,13.7,16,1,57.3,86.3,14.8,England,,
127,8,2020,West Ham,21.0,21.0,16.0,,,,,,,12.7,18,0,43.0,78.0,20.9,England,,
128,9,2020,Manchester City,20.0,18.0,12.0,,,,,,,16.2,17,0,60.6,88.2,13.0,England,,
129,10,2020,Wolverhampton Wanderers,20.0,13.0,17.0,,,,,,,12.3,18,1,48.1,82.3,17.2,England,,
130,11,2020,Aston Villa,19.0,21.0,13.0,,,,,,,15.9,23,1,50.2,77.7,21.5,England,,
131,12,2020,Crystal Palace,18.0,19.0,18.0,,,,,,,10.5,18,2,44.0,77.8,17.2,England,,
132,13,2020,Leeds,17.0,22.0,24.0,,,,,,,15.3,22,0,57.2,82.4,14.1,England,,
133,14,2020,Newcastle United,17.0,16.0,21.0,,,,,,,9.0,24,0,42.2,75.8,18.0,England,,
134,15,2020,Arsenal,14.0,11.0,16.0,,,,,,,10.2,19,3,51.6,84.5,13.1,England,,
135,16,2020,Brighton,11.0,15.0,21.0,,,,,,,12.0,19,3,51.5,80.7,12.8,England,,
136,17,2020,Burnley,10.0,6.0,18.0,,,,,,,8.9,15,0,43.0,72.4,23.2,England,,
137,18,2020,Fulham,9.0,12.0,22.0,,,,,,,11.6,26,1,48.4,82.3,14.5,England,,
138,19,2020,West Bromwich Albion,7.0,10.0,26.0,,,,,,,9.4,19,2,44.0,76.7,17.8,England,,
139,20,2020,Sheffield United,1.0,7.0,24.0,,,,,,,8.8,19,1,40.8,75.5,21.2,England,,
140,1,2014,Juventus,87.0,72.0,24.0,26.06,182.64,76.21,74.15,0.0,0.0,15.8,73,5,55.7,84.8,12.8,Italy,54.09,53.52
141,2,2014,AS Roma,70.0,54.0,31.0,26.24,182.09,75.61,73.45,0.0,0.0,13.8,103,5,57.5,85.0,11.6,Italy,89.565,65.62
142,3,2014,SS Lazio,69.0,71.0,38.0,26.21,182.91,76.97,72.64,0.0,0.0,14.5,104,9,52.7,80.2,15.7,Italy,11.475,12.33
143,4,2014,ACF Fiorentina,64.0,61.0,46.0,26.33,183.42,77.61,73.0,0.0,0.0,16.2,82,3,55.9,84.3,14.0,Italy,8.19,30.95
144,5,2014,Napoli,63.0,70.0,54.0,24.94,182.78,76.75,70.5,0.0,0.0,16.4,78,6,54.1,83.1,13.9,Italy,31.33,52.0
145,6,2014,Genoa,59.0,62.0,47.0,24.48,180.39,75.09,67.24,0.0,0.0,12.9,103,6,51.2,78.5,12.5,Italy,6.705000000000001,17.29
146,7,2014,Sampdoria,56.0,48.0,42.0,25.18,183.43,77.64,69.68,0.0,0.0,13.2,97,3,49.0,80.0,12.8,Italy,21.83,19.37
147,8,2014,FC Internazionale Milano,55.0,59.0,48.0,24.24,181.85,76.3,69.88,0.0,0.0,16.2,95,5,57.8,84.8,15.8,Italy,15.260000000000002,
148,9,2014,Torino,54.0,48.0,45.0,26.64,182.94,76.67,69.55,0.0,0.0,14.4,97,5,48.8,81.8,12.7,Italy,19.98,20.28
149,10,2014,AC Milan,52.0,56.0,50.0,27.48,183.44,78.48,76.67,0.0,0.0,11.8,811,3,51.2,81.7,12.0,Italy,15.214999999999998,35.89
150,11,2014,Palermo,49.0,53.0,55.0,25.57,184.43,78.0,67.3,0.0,0.0,12.6,84,4,49.0,78.6,14.4,Italy,17.73,
151,12,2014,Sassuolo Calcio,49.0,49.0,57.0,26.93,183.0,76.7,69.07,0.0,0.0,11.8,101,9,47.2,77.0,14.7,Italy,16.02,
152,13,2014,Hellas Verona,46.0,49.0,65.0,26.26,182.77,75.42,67.81,0.0,0.0,12.1,97,7,44.0,78.4,14.4,Italy,20.034,
153,14,2014,AC Chievo Verona,43.0,28.0,41.0,26.84,183.38,78.19,69.5,0.0,0.0,12.1,82,3,43.6,72.5,15.9,Italy,7.7399999999999975,6.6
154,15,2014,Empoli,42.0,46.0,52.0,23.83,181.6,74.2,65.03,0.0,0.0,13.6,58,4,51.4,80.2,13.6,Italy,0.774,
155,16,2014,Udinese Calcio,41.0,43.0,56.0,24.97,181.94,76.62,70.56,0.0,0.0,11.2,91,6,45.2,75.3,15.9,Italy,26.28,24.3
156,17,2014,Atalanta,37.0,38.0,57.0,27.59,180.28,75.34,69.07,0.0,0.0,12.1,103,9,46.2,75.7,15.8,Italy,9.978,12.53
157,18,2014,Cagliari Calcio,34.0,48.0,68.0,22.56,180.19,73.06,66.81,0.0,0.0,13.0,109,6,49.1,79.7,12.8,Italy,20.345,
158,19,2014,Parma,24.0,36.0,73.0,27.0,182.52,76.12,68.27,0.0,0.0,9.5,102,4,45.2,74.9,17.4,Italy,15.517000000000001,17.99
159,20,2014,Cesena,19.0,33.0,75.0,25.41,182.56,78.19,64.31,0.0,0.0,11.0,100,8,45.2,77.7,11.2,Italy,8.864999999999998,
160,1,2015,Juventus,91.0,37.0,6.0,26.31,182.96,77.31,79.35,15003846.0,102154.0,15.8,90,6,54.9,85.3,12.9,Italy,139.414,78.15
161,2,2015,Napoli,82.0,49.0,12.0,25.73,182.62,76.08,76.65,10291153.0,74000.0,17.3,69,2,59.3,85.8,12.9,Italy,38.43,55.49
162,3,2015,AS Roma,80.0,44.0,17.0,26.7,182.37,75.48,76.15,9617777.0,68556.0,15.3,79,5,55.7,83.0,15.6,Italy,54.094,70.5
163,4,2015,FC Internazionale Milano,67.0,29.0,15.0,25.18,181.93,76.89,75.43,8390178.0,61786.0,13.6,891,2,53.4,82.4,14.1,Italy,92.21,
164,5,2015,ACF Fiorentina,64.0,34.0,16.0,25.76,184.24,78.16,73.96,5548000.0,43480.0,15.1,93,3,59.0,85.7,10.8,Italy,31.41,29.19
165,6,2015,Sassuolo Calcio,61.0,25.0,20.0,26.41,183.0,76.81,70.33,2776481.0,24333.0,12.8,90,6,50.9,77.7,14.6,Italy,27.64,28.5
166,7,2015,AC Milan,57.0,28.0,22.0,26.26,182.81,77.93,76.26,7828703.0,65963.0,14.4,92,3,52.1,79.8,14.2,Italy,92.04299999999999,48.69
167,8,2015,SS Lazio,54.0,32.0,23.0,25.87,183.5,77.7,75.23,7606666.0,59100.0,13.6,951,0,53.3,80.0,14.4,Italy,33.53,23.05
168,9,2015,AC Chievo Verona,50.0,25.0,18.0,28.11,183.18,78.43,71.29,2349821.0,27821.0,11.2,103,4,46.4,75.7,16.1,Italy,5.5349999999999975,5.6
169,10,2015,Empoli,46.0,22.0,20.0,24.6,181.64,75.48,68.48,1839600.0,18440.0,12.6,92,6,52.4,82.1,10.4,Italy,5.715,
170,11,2015,Genoa,46.0,29.0,19.0,25.62,181.38,75.55,71.79,3837413.0,34207.0,12.3,81,9,50.0,77.6,16.4,Italy,15.029999999999998,14.28
171,12,2015,Atalanta,45.0,27.0,21.0,27.7,182.63,77.52,71.81,2759629.0,29889.0,12.4,95,3,48.4,81.2,11.2,Italy,21.314000000000004,13.83
172,13,2015,Torino,45.0,25.0,25.0,26.68,183.71,77.79,74.04,4833214.0,38214.0,11.9,961,4,48.6,76.1,15.0,Italy,25.245000000000005,21.2
173,14,2015,Bologna,42.0,20.0,21.0,26.0,182.19,74.84,69.39,2073064.0,20645.0,10.1,88,7,47.0,77.8,14.4,Italy,23.965,
174,15,2015,Sampdoria,40.0,29.0,25.0,25.54,182.54,77.39,70.46,3073571.0,29571.0,11.4,102,7,49.6,79.4,9.9,Italy,31.201,23.56
175,16,2015,Palermo,39.0,24.0,30.0,24.33,183.44,77.44,68.93,2221481.0,21296.0,10.8,95,6,44.4,76.1,13.1,Italy,11.025,
176,17,2015,Udinese Calcio,39.0,18.0,28.0,25.36,182.46,76.04,72.32,3186607.0,30500.0,11.7,97,7,45.3,74.9,17.4,Italy,19.283,22.51
177,18,2015,Carpi,38.0,23.0,26.0,24.46,182.23,76.38,69.58,2037884.0,22846.0,11.3,105,6,41.3,69.2,13.9,Italy,0.27,
178,19,2015,Frosinone,31.0,18.0,26.0,25.57,182.46,75.43,66.75,1152321.0,6321.0,12.8,108,5,42.4,68.9,15.2,Italy,0.36,
179,20,2015,Hellas Verona,28.0,21.0,30.0,27.23,184.88,77.5,70.96,2210769.0,26500.0,11.9,89,7,45.7,74.9,14.4,Italy,5.67,
180,1,2016,Juventus,91.0,48.0,9.0,27.33,183.41,79.59,81.0,17967592.0,80630.0,15.3,70,0,55.6,85.5,12.1,Italy,176.21999999999997,123.24
181,2,2016,AS Roma,87.0,50.0,18.0,25.58,181.62,75.23,76.19,11063653.0,55731.0,17.8,63,1,55.4,83.2,16.2,Italy,92.34,78.67
182,3,2016,Napoli,86.0,44.0,19.0,25.52,182.3,75.52,77.78,12563703.0,56852.0,17.7,58,2,59.0,87.2,10.9,Italy,89.181,52.98
183,4,2016,Atalanta,72.0,31.0,18.0,26.24,184.28,78.45,72.0,3467413.0,14207.0,14.1,85,3,50.5,81.2,11.9,Italy,12.906000000000002,14.73
184,5,2016,SS Lazio,70.0,40.0,23.0,24.23,183.81,76.03,74.0,6903225.0,40161.0,15.6,90,4,50.7,80.8,15.0,Italy,29.43500000000001,24.81
185,6,2016,AC Milan,63.0,32.0,20.0,25.48,183.44,76.7,76.78,8207407.0,51185.0,14.6,811,2,52.9,82.8,14.0,Italy,26.599999999999994,44.62
186,7,2016,FC Internazionale Milano,62.0,44.0,22.0,25.48,182.33,75.45,75.15,10423181.0,54576.0,16.7,74,5,54.1,82.2,13.9,Italy,143.6,83.69
187,8,2016,ACF Fiorentina,60.0,34.0,23.0,24.3,183.56,76.93,73.26,6502222.0,43000.0,16.2,92,6,55.9,84.8,10.3,Italy,14.157,17.92
188,9,2016,Torino,53.0,43.0,31.0,26.54,182.65,76.35,75.0,5849038.0,20308.0,15.2,80,4,50.5,81.4,12.1,Italy,25.63,23.62
189,10,2016,Sampdoria,48.0,28.0,23.0,25.31,182.62,77.34,72.07,3956724.0,14000.0,11.6,90,2,47.5,75.6,13.3,Italy,35.69,29.57
190,11,2016,Cagliari Calcio,47.0,38.0,34.0,28.33,183.12,75.38,72.12,2337083.0,6583.0,13.3,73,5,51.3,80.0,11.2,Italy,8.316,
191,12,2016,Sassuolo Calcio,46.0,27.0,28.0,26.15,182.78,76.78,72.26,4570000.0,14667.0,11.2,97,8,44.9,75.6,14.6,Italy,24.75800000000001,22.81
192,13,2016,Udinese Calcio,45.0,30.0,23.0,24.69,183.69,75.93,74.0,4731896.0,18517.0,11.5,85,2,44.1,78.0,14.4,Italy,17.099999999999998,20.89
193,14,2016,AC Chievo Verona,43.0,25.0,30.0,28.23,183.1,78.0,71.3,2411500.0,4900.0,10.7,82,4,47.4,78.5,17.9,Italy,11.320000000000002,8.2
194,15,2016,Bologna,41.0,24.0,25.0,24.9,183.32,75.58,72.26,3637903.0,13097.0,11.1,841,1,47.8,80.2,12.1,Italy,28.17,
195,16,2016,Genoa,36.0,24.0,24.0,25.03,181.52,75.86,71.34,3735689.0,16069.0,11.9,90,8,48.6,78.8,13.2,Italy,24.480000000000004,15.4
196,17,2016,FC Crotone,34.0,21.0,25.0,24.22,183.66,76.44,66.06,1153906.0,2375.0,10.7,87,4,40.4,67.2,14.2,Italy,5.355,
197,18,2016,Empoli,32.0,16.0,29.0,25.88,180.54,74.65,71.08,2790769.0,5192.0,9.6,106,2,49.3,79.4,13.4,Italy,6.3000000000000025,
198,19,2016,Palermo,26.0,13.0,30.0,24.7,183.81,78.78,69.07,1993518.0,10000.0,10.2,94,9,46.9,77.9,14.0,Italy,7.63,
199,20,2016,Pescara,18.0,19.0,38.0,24.58,181.03,75.12,67.09,1522272.0,2636.0,11.7,91,5,47.2,79.1,9.8,Italy,,
200,1,2017,Juventus,95.0,45.0,8.0,27.77,184.0,79.69,81.65,23734615.0,121731.0,14.6,64,1,56.0,87.2,12.3,Italy,147.96000000000004,154.53
201,2,2017,Napoli,91.0,43.0,18.0,26.07,180.48,74.3,77.67,15474814.0,62630.0,17.3,56,3,60.3,87.7,10.4,Italy,61.21,62.94
202,3,2017,AS Roma,77.0,31.0,19.0,26.04,182.67,76.67,77.37,13695555.0,59926.0,16.9,46,4,56.1,83.3,17.9,Italy,82.04,76.16
203,4,2017,FC Internazionale Milano,72.0,37.0,16.0,25.96,183.75,76.29,76.67,13677291.0,54542.0,15.1,69,1,55.1,85.7,14.7,Italy,123.795,119.87
204,5,2017,SS Lazio,72.0,45.0,21.0,25.12,183.48,76.88,73.24,8183333.0,34182.0,14.6,73,7,51.0,82.7,12.9,Italy,25.29,29.42
205,6,2017,AC Milan,64.0,25.0,16.0,24.71,183.81,77.26,75.58,11658387.0,63677.0,16.1,67,7,54.6,85.3,12.1,Italy,175.03199999999995,97.89
206,7,2017,Atalanta,60.0,30.0,18.0,24.11,185.14,78.25,71.18,5672857.0,23893.0,15.2,62,4,53.8,81.3,15.3,Italy,49.61,27.94
207,8,2017,ACF Fiorentina,57.0,27.0,22.0,22.74,183.0,75.52,71.1,6648387.0,30097.0,16.3,84,5,51.9,81.0,15.2,Italy,71.19,38.92
208,9,2017,Sampdoria,54.0,36.0,20.0,25.21,183.57,77.61,72.04,5169821.0,26929.0,12.7,65,3,52.5,82.4,12.6,Italy,45.905,37.6
209,10,2017,Torino,54.0,29.0,18.0,25.33,183.37,76.26,73.74,7250185.0,38519.0,11.9,70,5,51.2,80.0,16.7,Italy,21.69,24.19
210,11,2017,Sassuolo Calcio,43.0,11.0,22.0,25.77,183.81,77.46,72.58,5652692.0,35462.0,13.1,81,7,44.8,75.6,16.2,Italy,31.95000000000001,28.12
211,12,2017,Genoa,41.0,23.0,27.0,27.15,182.56,75.56,72.52,4970370.0,28037.0,11.0,77,5,46.9,77.9,15.5,Italy,12.753,17.42
212,13,2017,Udinese Calcio,40.0,24.0,30.0,23.88,184.34,77.53,70.22,4004687.0,16406.0,10.3,73,4,45.6,77.4,17.9,Italy,20.332,18.91
213,14,2017,AC Chievo Verona,40.0,22.0,24.0,26.77,182.73,77.37,71.03,3408333.0,14467.0,11.6,72,4,45.9,77.8,14.8,Italy,2.655,6.5
214,15,2017,Bologna,39.0,25.0,26.0,24.83,183.83,76.97,71.7,4703000.0,33267.0,10.0,88,6,45.8,75.3,20.3,Italy,11.7,
215,16,2017,Cagliari Calcio,39.0,18.0,30.0,26.96,182.46,75.08,71.54,3615625.0,33708.0,9.4,94,6,47.7,79.1,16.1,Italy,27.977,
216,17,2017,SPAL,38.0,22.0,29.0,25.17,183.9,77.14,69.31,3085000.0,14931.0,9.8,97,4,46.2,79.4,14.0,Italy,,
217,18,2017,FC Crotone,35.0,23.0,25.0,23.73,183.47,76.03,66.23,1371166.0,9867.0,10.0,65,2,42.4,70.7,17.1,Italy,2.7,
218,19,2017,Hellas Verona,25.0,14.0,35.0,25.71,181.64,74.75,69.96,2535357.0,16893.0,9.5,91,6,44.1,75.4,15.1,Italy,2.75,
219,20,2017,Benevento,21.0,23.0,40.0,24.68,181.68,74.82,68.5,2643750.0,19714.0,12.4,70,7,48.1,81.6,11.2,Italy,20.781999999999996,
220,1,2018,Juventus,90.0,39.0,13.0,27.16,184.96,80.16,82.16,27679000.0,130840.0,16.0,74,4,54.9,86.2,14.7,Italy,233.73,185.97
221,2,2018,Napoli,79.0,41.0,16.0,25.92,180.8,74.28,79.84,19816000.0,70000.0,18.6,70,5,56.8,87.3,10.7,Italy,63.45,71.28
222,3,2018,Atalanta,69.0,36.0,19.0,24.72,185.28,78.68,72.64,6632200.0,20880.0,16.9,61,3,55.7,84.0,16.8,Italy,48.605,37.04
223,4,2018,FC Internazionale Milano,69.0,27.0,10.0,27.46,182.83,76.96,79.71,19418125.0,66792.0,16.7,71,3,56.9,86.3,14.2,Italy,87.84,118.41
224,5,2018,AC Milan,68.0,31.0,17.0,25.48,182.41,76.52,78.03,14662068.0,72552.0,15.4,78,5,53.4,85.6,13.4,Italy,169.01999999999995,123.55
225,6,2018,AS Roma,66.0,43.0,26.0,25.65,185.04,77.65,77.35,12983653.0,53769.0,16.4,86,2,51.0,82.4,19.8,Italy,147.7,107.36
226,7,2018,Torino,63.0,32.0,19.0,25.35,182.65,76.27,73.35,7524423.0,28423.0,13.7,87,4,51.0,78.2,22.5,Italy,47.835,31.72
227,8,2018,SS Lazio,59.0,36.0,25.0,25.52,182.88,77.06,75.39,10884848.0,38273.0,16.1,88,4,50.5,82.3,16.8,Italy,42.51000000000001,32.41
228,9,2018,Sampdoria,53.0,28.0,16.0,24.78,182.96,76.37,72.11,5162407.0,23704.0,12.8,87,3,53.7,83.2,13.1,Italy,49.68000000000001,43.76
229,10,2018,Bologna,44.0,28.0,22.0,25.46,184.82,77.75,72.71,4771428.0,21714.0,13.2,87,6,46.2,77.9,20.3,Italy,28.094,
230,11,2018,Sassuolo Calcio,43.0,33.0,33.0,24.74,182.59,77.59,72.33,5555370.0,30037.0,13.5,84,8,53.1,84.0,12.7,Italy,35.72999999999999,30.81
231,12,2018,Udinese Calcio,43.0,22.0,22.0,23.57,183.93,78.33,71.77,5071666.0,15533.0,12.2,88,4,44.8,77.9,19.0,Italy,44.46000000000001,27.3
232,13,2018,SPAL,42.0,20.0,26.0,26.41,185.3,78.11,70.74,3567592.0,10111.0,12.2,111,3,50.4,82.5,15.7,Italy,19.57,
233,14,2018,Parma,41.0,18.0,25.0,27.69,181.07,74.38,69.9,2802413.0,22655.0,9.3,80,3,41.0,74.5,15.4,Italy,,
234,15,2018,Cagliari Calcio,41.0,23.0,20.0,27.96,182.52,76.24,72.48,4088000.0,22360.0,11.5,90,9,49.4,79.0,23.1,Italy,20.248,
235,16,2018,ACF Fiorentina,41.0,25.0,19.0,24.13,184.17,76.04,74.04,7315652.0,39261.0,15.4,88,5,50.4,79.2,17.3,Italy,51.40699999999999,45.58
236,17,2018,Empoli,38.0,33.0,30.0,25.06,182.91,76.45,68.15,2163939.0,8455.0,14.0,92,7,44.7,75.1,20.5,Italy,15.57,
237,18,2018,Genoa,38.0,21.0,22.0,25.76,183.4,75.6,72.16,4001600.0,12240.0,12.0,72,3,48.2,81.5,11.7,Italy,52.49300000000001,29.91
238,19,2018,Frosinone,25.0,14.0,38.0,25.55,183.3,77.18,69.55,2637121.0,10545.0,12.0,99,2,43.1,76.5,17.2,Italy,8.6,
239,20,2018,AC Chievo Verona,20.0,14.0,37.0,27.69,182.41,77.41,71.17,3313793.0,10517.0,10.3,104,7,44.7,78.1,19.2,Italy,8.568,7.51
240,1,2019,Juventus,83.0,76.0,43.0,27.0,184.79,79.64,80.06,22287121.0,113636.0,17.9,83,3,56.4,88.0,11.8,Italy,201.15,194.28
241,2,2019,FC Internazionale Milano,82.0,81.0,36.0,25.67,182.33,76.03,75.67,14953666.0,53733.0,16.3,98,7,52.8,85.1,14.2,Italy,171.28400000000005,127.64
242,3,2019,SS Lazio,78.0,79.0,42.0,26.61,183.03,77.39,75.94,11658939.0,40455.0,18.7,78,2,55.4,83.9,16.8,Italy,41.078,36.29
243,4,2019,Atalanta,78.0,98.0,48.0,25.68,184.89,79.64,73.79,8712321.0,38393.0,15.3,97,3,50.1,84.2,12.4,Italy,51.13,49.78
244,5,2019,AS Roma,70.0,77.0,51.0,25.16,184.42,75.48,74.77,9323709.0,31516.0,16.9,103,7,52.0,84.7,14.4,Italy,102.69,110.81
245,6,2019,AC Milan,66.0,63.0,46.0,24.55,182.86,76.1,76.17,13243448.0,32483.0,16.3,93,6,53.6,84.5,14.6,Italy,94.05,146.03
246,7,2019,Napoli,62.0,61.0,50.0,25.84,180.03,73.61,76.87,16718548.0,59839.0,18.1,74,2,57.2,88.2,10.8,Italy,176.85000000000005,100.5
247,8,2019,Sassuolo Calcio,51.0,69.0,63.0,25.46,182.07,76.43,71.25,4457500.0,27393.0,14.6,97,3,56.1,86.8,9.4,Italy,55.40000000000001,41.03
248,9,2019,Parma,49.0,56.0,57.0,27.94,182.7,76.67,69.73,2890000.0,22273.0,11.7,83,7,49.9,78.1,19.6,Italy,,
249,10,2019,ACF Fiorentina,49.0,51.0,48.0,24.0,184.4,76.27,70.4,5241500.0,26567.0,14.4,99,6,48.2,81.6,12.8,Italy,40.72,54.44
250,11,2019,Hellas Verona,49.0,47.0,51.0,26.09,181.85,75.0,69.79,2782424.0,9485.0,12.2,81,1,45.3,79.4,15.1,Italy,18.669,
251,12,2019,Bologna,47.0,52.0,65.0,25.55,183.61,76.81,71.9,4812741.0,20387.0,14.6,103,7,51.8,81.7,17.8,Italy,64.434,
252,13,2019,Udinese Calcio,45.0,37.0,51.0,24.97,186.24,79.7,71.85,5127272.0,11061.0,12.3,73,3,45.9,81.2,13.3,Italy,11.34,25.38
253,14,2019,Cagliari Calcio,45.0,52.0,56.0,26.61,182.81,77.03,71.81,4768870.0,20323.0,11.7,103,6,46.6,80.5,14.4,Italy,38.15999999999999,
254,15,2019,Sampdoria,42.0,48.0,65.0,24.22,182.31,76.03,70.62,4423750.0,18781.0,14.8,101,7,44.4,77.5,16.3,Italy,58.45500000000001,51.35
255,16,2019,Torino,40.0,46.0,68.0,25.1,183.9,77.31,72.38,7419137.0,28793.0,11.7,87,7,48.5,79.7,19.3,Italy,26.28,31.94
256,17,2019,Genoa,39.0,47.0,73.0,25.25,183.88,75.75,71.12,4599375.0,10656.0,11.4,971,0,49.3,81.2,16.5,Italy,44.145,36.46
257,18,2019,Lecce,35.0,52.0,85.0,26.58,183.15,76.94,66.27,1410606.0,7576.0,13.9,93,5,46.0,81.8,13.1,Italy,5.535,
258,19,2019,Brescia,25.0,35.0,79.0,24.93,184.54,77.39,69.57,3236607.0,7464.0,11.0,89,6,42.9,75.5,13.7,Italy,16.790000000000006,
259,20,2019,SPAL,20.0,27.0,70.0,26.7,184.59,77.41,69.78,3191111.0,8741.0,12.3,95,4,47.6,81.1,15.1,Italy,22.815,
260,1,2020,AC Milan,28.0,27.0,13.0,,,,,,,17.0,29,0,54.0,83.2,17.8,Italy,,
261,2,2020,Inter,27.0,30.0,15.0,,,,,,,15.2,24,1,53.4,87.2,11.6,Italy,,
262,3,2020,Juventus,24.0,24.0,10.0,,,,,,,15.1,22,4,57.9,88.3,13.3,Italy,,
263,4,2020,Roma,24.0,27.0,17.0,,,,,,,15.4,21,1,50.0,84.7,12.7,Italy,,
264,5,2020,Napoli,23.0,26.0,12.0,,,,,,,17.7,17,2,56.1,88.3,11.7,Italy,,
265,6,2020,Sassuolo,23.0,22.0,13.0,,,,,,,13.3,26,1,57.8,87.8,10.5,Italy,,
266,7,2020,Verona,19.0,16.0,11.0,,,,,,,11.2,28,1,47.9,75.9,21.2,Italy,,
267,8,2020,Atalanta,18.0,22.0,17.0,,,,,,,16.1,23,0,52.3,84.0,17.6,Italy,,
268,9,2020,Lazio,18.0,18.0,20.0,,,,,,,11.9,36,1,51.3,82.6,12.9,Italy,,
269,10,2020,Udinese,14.0,13.0,14.0,,,,,,,11.8,21,0,46.9,82.1,13.7,Italy,,
270,11,2020,Sampdoria,14.0,18.0,20.0,,,,,,,10.3,34,1,43.7,76.3,16.7,Italy,,
271,12,2020,Cagliari,13.0,18.0,23.0,,,,,,,10.7,17,0,44.4,80.6,12.6,Italy,,
272,13,2020,Bologna,13.0,18.0,24.0,,,,,,,13.7,27,1,51.7,82.3,14.7,Italy,,
273,14,2020,Parma Calcio 1913,12.0,12.0,19.0,,,,,,,8.3,24,1,46.0,81.7,15.3,Italy,,
274,15,2020,Benevento,12.0,13.0,23.0,,,,,,,11.9,34,2,44.3,78.8,13.1,Italy,,
275,16,2020,Spezia,11.0,17.0,25.0,,,,,,,11.1,36,1,51.0,81.3,12.8,Italy,,
276,17,2020,Fiorentina,10.0,12.0,20.0,,,,,,,10.5,25,1,50.9,83.2,13.0,Italy,,
277,18,2020,Genoa,7.0,12.0,24.0,,,,,,,8.7,27,1,46.3,80.0,13.0,Italy,,
278,19,2020,Torino,6.0,20.0,30.0,,,,,,,10.3,25,2,47.3,83.9,11.7,Italy,,
279,20,2020,Crotone,6.0,10.0,25.0,,,,,,,9.1,31,3,47.7,80.5,10.3,Italy,,
280,1,2014,FC Barcelona,94.0,110.0,21.0,25.54,178.12,71.92,79.75,0.0,0.0,16.4,67,3,65.3,88.2,10.3,Spain,150.05,90.28
281,2,2014,Real Madrid,92.0,118.0,38.0,23.79,181.73,75.82,75.21,0.0,0.0,18.1,85,3,56.2,86.3,13.2,Spain,113.4,102.0
282,3,2014,Atlético Madrid,78.0,67.0,29.0,24.69,181.28,75.1,74.45,0.0,0.0,11.5,110,5,49.4,76.3,23.3,Spain,128.65500000000003,55.04
283,4,2014,Valencia CF,77.0,70.0,32.0,22.71,179.03,73.77,72.65,0.0,0.0,11.6,103,9,50.8,77.8,18.8,Spain,47.97,29.69
284,5,2014,Sevilla FC,76.0,70.0,45.0,24.09,179.7,74.33,71.58,0.0,0.0,12.2,116,2,49.9,76.2,17.0,Spain,18.855000000000004,21.62
285,6,2014,Villarreal CF,60.0,48.0,37.0,23.85,179.36,74.06,70.88,0.0,0.0,13.3,94,2,48.9,75.2,16.7,Spain,16.83,
286,7,2014,Athletic Club Bilbao,55.0,42.0,41.0,24.39,181.06,75.27,70.88,0.0,0.0,11.7,96,4,50.8,73.2,22.7,Spain,0.9,5.67
287,8,2014,RC Celta Vigo,51.0,47.0,44.0,23.43,179.43,74.17,68.1,0.0,0.0,13.1,117,5,55.2,79.6,18.9,Spain,3.42,4.19
288,9,2014,Málaga CF,50.0,42.0,47.0,25.0,179.12,72.47,70.5,0.0,0.0,12.1,107,8,48.9,74.2,15.5,Spain,1.35,2.02
289,10,2014,Rayo Vallecano,49.0,47.0,51.0,24.84,178.91,72.66,68.66,0.0,0.0,9.7,111,6,46.1,72.2,17.6,Spain,0.45,
290,11,2014,RCD Espanyol,49.0,46.0,68.0,24.3,180.06,73.55,67.15,0.0,0.0,12.9,106,6,55.4,78.7,17.9,Spain,1.98,1.08
291,12,2014,Real Sociedad,46.0,44.0,51.0,24.48,181.68,75.26,70.29,0.0,0.0,11.3,88,1,50.3,75.0,21.2,Spain,10.8,9.75
292,13,2014,Elche CF,41.0,35.0,62.0,24.36,180.61,75.04,67.54,0.0,0.0,10.7,103,6,47.9,75.1,15.6,Spain,1.211,
293,14,2014,Levante UD,37.0,34.0,67.0,26.07,180.93,75.27,69.93,0.0,0.0,10.6,107,3,44.1,71.1,19.1,Spain,0.72,
294,15,2014,Getafe CF,37.0,33.0,64.0,25.73,181.42,75.0,68.65,0.0,0.0,11.1,96,4,47.3,74.3,16.9,Spain,0.0,
295,16,2014,Granada CF,35.0,35.0,60.0,24.69,181.25,77.53,68.34,0.0,0.0,10.5,103,4,48.4,75.0,17.0,Spain,7.234,
296,17,2014,SD Eibar,35.0,29.0,64.0,27.43,181.7,77.17,70.35,0.0,0.0,10.6,112,5,46.9,74.3,17.4,Spain,0.14600000000000002,
297,18,2014,RCD La Coruña,35.0,34.0,55.0,25.12,179.76,73.36,68.64,0.0,0.0,9.3,103,5,44.6,68.2,20.3,Spain,,
298,19,2014,UD Almería,32.0,35.0,64.0,23.87,178.5,72.63,68.17,0.0,0.0,10.4,107,11,46.0,70.6,16.2,Spain,0.0,
299,20,2014,Córdoba CF,20.0,22.0,68.0,24.88,180.31,73.53,67.5,0.0,0.0,10.2,95,9,47.4,75.6,18.9,Spain,0.675,
300,1,2015,FC Barcelona,91.0,67.0,14.0,24.97,179.1,74.1,78.59,20170689.0,120724.0,15.9,66,1,62.9,86.8,9.9,Spain,45.90000000000001,95.68
301,2,2015,Real Madrid,90.0,70.0,16.0,23.81,181.42,75.03,77.13,19692741.0,106581.0,18.7,68,5,56.0,86.7,11.3,Spain,76.50000000000001,115.95
302,3,2015,Atlético Madrid,88.0,33.0,7.0,24.88,181.48,74.16,76.92,12458000.0,82960.0,12.5,88,3,48.7,77.9,16.5,Spain,129.25000000000003,96.77
303,4,2015,Villarreal CF,64.0,26.0,12.0,24.21,181.32,74.5,74.25,7024107.0,40500.0,9.0,96,4,47.1,76.2,13.2,Spain,42.48,
304,5,2015,Athletic Club Bilbao,62.0,35.0,17.0,26.2,182.0,76.84,76.12,8057000.0,63280.0,12.0,83,6,49.3,74.4,21.2,Spain,7.2,7.32
305,6,2015,RC Celta Vigo,60.0,29.0,25.0,23.06,179.55,74.03,70.77,4229354.0,30742.0,11.7,109,7,55.0,79.5,15.2,Spain,14.670000000000002,7.53
306,7,2015,Sevilla FC,52.0,38.0,21.0,25.47,181.16,76.06,74.66,8131875.0,60281.0,12.1,95,8,49.6,77.3,16.3,Spain,39.6,30.62
307,8,2015,Málaga CF,48.0,26.0,15.0,25.39,179.9,73.26,71.48,3612580.0,31323.0,11.9,104,5,48.6,73.2,17.1,Spain,7.785,4.62
308,9,2015,Real Sociedad,48.0,22.0,20.0,24.69,182.22,75.56,72.38,5696093.0,49125.0,12.0,104,5,51.6,77.0,17.8,Spain,22.59,13.08
309,10,2015,Real Betis,45.0,17.0,23.0,25.72,181.59,75.78,71.44,2664687.0,29250.0,10.4,105,5,47.7,74.6,15.2,Spain,7.9700000000000015,
310,11,2015,UD Las Palmas,44.0,25.0,17.0,27.1,180.31,73.9,70.24,1895172.0,22759.0,11.0,95,4,53.9,81.3,14.1,Spain,5.76,
311,12,2015,Valencia CF,44.0,25.0,23.0,23.19,179.32,74.55,74.39,9423064.0,58290.0,10.5,103,7,50.2,78.8,15.7,Spain,129.51000000000002,65.9
312,13,2015,RCD Espanyol,43.0,22.0,28.0,24.07,181.62,75.52,70.86,2964655.0,28655.0,10.3,122,5,47.2,74.9,15.7,Spain,2.84,1.83
313,14,2015,SD Eibar,43.0,26.0,22.0,24.67,180.85,74.56,69.11,2375925.0,10963.0,11.0,103,4,46.1,68.6,18.8,Spain,3.33,
314,15,2015,RCD La Coruña,42.0,25.0,34.0,26.79,180.29,74.57,72.21,3210714.0,31643.0,12.0,80,4,47.7,75.0,15.1,Spain,,
315,16,2015,Sporting Gijón,39.0,28.0,28.0,23.81,180.52,73.74,70.37,2653518.0,23259.0,11.3,134,7,46.3,73.2,14.6,Spain,0.0,
316,17,2015,Granada CF,39.0,26.0,31.0,24.07,181.53,76.57,70.73,2601333.0,26700.0,9.8,98,6,44.5,72.1,13.9,Spain,3.465,
317,18,2015,Rayo Vallecano,38.0,29.0,29.0,26.57,180.68,74.75,71.46,2899107.0,30607.0,13.2,108,10,53.8,77.1,17.1,Spain,0.36,
318,19,2015,Getafe CF,36.0,23.0,20.0,24.28,181.34,74.38,71.03,3335344.0,30241.0,11.5,124,6,47.0,75.2,12.1,Spain,0.243,
319,20,2015,Levante UD,32.0,23.0,26.0,25.57,181.14,75.21,70.93,2863571.0,28643.0,11.4,1257,7,47.0,73.3,18.7,Spain,5.895,
320,1,2016,Real Madrid,93.0,48.0,20.0,24.09,180.79,74.79,78.55,23399242.0,82848.0,17.4,75,2,54.8,86.5,12.8,Spain,27.0,72.3
321,2,2016,FC Barcelona,90.0,64.0,17.0,23.88,180.5,74.91,77.81,21955468.0,79688.0,17.1,73,1,62.1,86.7,9.1,Spain,112.28,102.74
322,3,2016,Atlético Madrid,78.0,40.0,14.0,25.1,181.28,74.07,77.45,17008448.0,63862.0,13.3,80,3,49.0,78.9,16.1,Spain,71.1,109.67
323,4,2016,Sevilla FC,72.0,39.0,16.0,25.74,181.7,75.96,77.52,11730370.0,61333.0,12.8,104,4,56.4,82.3,13.5,Spain,73.52999999999999,44.0
324,5,2016,Villarreal CF,67.0,35.0,18.0,25.15,180.09,73.39,75.27,8878787.0,47424.0,11.3,89,4,49.6,80.5,12.4,Spain,50.36,
325,6,2016,Real Sociedad,64.0,30.0,24.0,24.45,181.73,75.06,72.7,5855606.0,8758.0,13.0,79,6,54.8,81.0,14.6,Spain,16.2,16.53
326,7,2016,Athletic Club Bilbao,63.0,36.0,18.0,25.27,182.2,77.03,75.1,7937500.0,45200.0,12.8,88,2,50.4,75.9,20.5,Spain,0.0,2.7
327,8,2016,RCD Espanyol,56.0,28.0,24.0,25.96,181.39,75.54,74.07,5338392.0,10036.0,9.0,80,2,45.7,75.7,14.4,Spain,16.560000000000002,7.13
328,9,2016,Deportivo Alavés,55.0,19.0,21.0,24.07,181.97,73.57,71.1,3161666.0,6433.0,10.4,116,5,46.2,76.4,18.0,Spain,5.695000000000001,
329,10,2016,SD Eibar,54.0,29.0,21.0,25.23,181.27,74.5,72.81,4115769.0,9538.0,11.9,93,7,48.1,71.5,18.8,Spain,7.7399999999999975,3.74
330,11,2016,Málaga CF,46.0,32.0,25.0,24.69,180.9,73.38,72.55,5250517.0,8069.0,12.9,108,7,48.7,76.0,17.3,Spain,11.282,6.81
331,12,2016,Valencia CF,46.0,32.0,32.0,23.65,180.39,73.81,74.35,8198387.0,42484.0,11.8,108,6,49.2,79.7,12.9,Spain,32.4,69.96
332,13,2016,RC Celta Vigo,45.0,30.0,32.0,23.97,179.24,73.45,73.36,6278030.0,17788.0,10.6,97,8,52.2,79.0,14.3,Spain,7.56,8.55
333,14,2016,Real Betis,39.0,22.0,24.0,24.82,179.57,73.07,73.39,5235714.0,6357.0,11.6,99,6,56.9,84.8,10.0,Spain,18.81,
334,15,2016,UD Las Palmas,39.0,33.0,25.0,25.38,178.62,72.47,72.0,4261875.0,7844.0,11.6,102,5,48.7,76.3,14.5,Spain,2.6100000000000003,
335,16,2016,RCD La Coruña,36.0,27.0,23.0,25.36,179.73,73.42,72.12,4109090.0,9697.0,12.1,93,4,47.8,77.7,15.8,Spain,,
336,17,2016,CD Leganés,35.0,22.0,23.0,24.76,179.04,73.04,71.96,3213200.0,6920.0,10.7,103,3,45.9,71.3,18.9,Spain,4.905,
337,18,2016,Sporting Gijón,31.0,26.0,38.0,24.96,180.04,74.44,72.19,3301851.0,6926.0,9.9,114,4,45.6,72.6,15.2,Spain,0.8999999999999999,
338,19,2016,CA Osasuna,22.0,23.0,39.0,24.61,180.0,73.36,69.39,2017727.0,4939.0,10.3,98,3,41.8,69.2,17.1,Spain,1.98,
339,20,2016,Granada CF,20.0,17.0,32.0,24.15,180.67,73.21,71.52,3237878.0,6061.0,10.1,109,6,46.1,76.6,12.9,Spain,10.415,
340,1,2017,FC Barcelona,93.0,53.0,11.0,26.25,179.83,75.12,82.38,29791666.0,188833.0,15.3,68,2,60.0,87.3,9.3,Spain,348.75,168.98
341,2,2017,Atlético Madrid,79.0,30.0,8.0,24.78,180.19,73.59,75.88,17692187.0,49406.0,10.7,90,5,48.1,80.0,15.2,Spain,91.8,97.38
342,3,2017,Real Madrid,76.0,54.0,20.0,24.58,180.42,74.0,81.04,31798076.0,182731.0,18.4,63,4,57.8,88.3,11.1,Spain,36.45,46.65
343,4,2017,Valencia CF,73.0,36.0,16.0,23.41,180.89,73.63,74.59,8939814.0,29407.0,12.7,99,5,49.3,81.2,14.8,Spain,49.50000000000001,70.47
344,5,2017,Villarreal CF,61.0,35.0,22.0,24.76,181.33,74.0,73.36,9173484.0,27576.0,12.5,109,6,50.2,81.6,15.2,Spain,41.49,
345,6,2017,Real Betis,60.0,35.0,31.0,25.42,180.5,74.54,73.46,6960416.0,22542.0,11.0,90,3,55.9,84.7,12.2,Spain,34.65,
346,7,2017,Sevilla FC,58.0,31.0,22.0,26.22,181.07,75.89,77.0,11555185.0,20556.0,13.6,95,3,53.1,81.9,15.9,Spain,70.24499999999999,61.12
347,8,2017,Getafe CF,55.0,26.0,13.0,26.23,179.19,71.74,70.65,3379677.0,17000.0,9.8,126,5,42.3,65.9,15.0,Spain,11.615000000000002,
348,9,2017,Girona FC,51.0,26.0,22.0,24.52,181.79,74.21,71.48,4302758.0,24379.0,12.4,82,3,51.2,73.6,20.6,Spain,7.88,
349,10,2017,SD Eibar,51.0,26.0,19.0,26.03,182.24,74.83,73.41,6239655.0,16724.0,12.0,105,0,47.5,76.2,17.7,Spain,6.705000000000001,5.92
350,11,2017,RC Celta Vigo,49.0,34.0,23.0,23.65,179.71,73.84,71.77,6351612.0,15839.0,10.9,87,1,47.4,76.1,16.6,Spain,23.85,15.36
351,12,2017,Real Sociedad,49.0,47.0,29.0,24.48,180.87,75.13,73.84,9283870.0,23161.0,13.7,57,5,55.1,83.9,13.7,Spain,19.35,19.38
352,13,2017,RCD Espanyol,49.0,20.0,16.0,25.83,181.3,75.47,74.7,6871666.0,25000.0,11.8,87,1,54.4,82.3,15.0,Spain,15.345,11.58
353,14,2017,Deportivo Alavés,47.0,21.0,23.0,24.0,181.84,74.29,71.19,4818548.0,20581.0,10.3,102,4,42.7,72.0,17.0,Spain,11.1,
354,15,2017,Levante UD,46.0,25.0,28.0,23.91,181.44,74.09,70.75,4327812.0,15062.0,10.8,106,6,44.5,74.9,13.2,Spain,8.19,
355,16,2017,CD Leganés,43.0,19.0,19.0,26.55,180.48,74.28,72.66,4918965.0,19897.0,11.3,94,0,49.4,77.2,19.8,Spain,5.49,
356,17,2017,Athletic Club Bilbao,43.0,19.0,16.0,25.75,182.43,76.61,75.75,9794642.0,22643.0,10.4,99,5,44.6,71.7,18.1,Spain,28.8,12.0
357,18,2017,RCD La Coruña,29.0,22.0,33.0,25.7,179.7,73.64,72.79,5759090.0,22333.0,12.3,98,2,47.4,77.8,15.3,Spain,,
358,19,2017,UD Las Palmas,22.0,15.0,38.0,25.52,179.73,73.27,72.24,5950757.0,19364.0,10.9,87,3,53.8,81.9,13.3,Spain,0.315,2.9
359,20,2017,Málaga CF,20.0,14.0,27.0,24.21,181.33,74.61,71.15,5339848.0,18909.0,10.6,92,8,45.3,75.1,16.2,Spain,9.45,9.51
360,1,2018,FC Barcelona,87.0,51.0,17.0,24.75,179.75,74.36,80.29,29925892.0,169536.0,14.7,75,2,61.4,88.3,12.1,Spain,116.19000000000004,192.41
361,2,2018,Atlético Madrid,76.0,32.0,10.0,23.79,181.39,75.0,74.73,19432727.0,46333.0,11.7,97,5,49.3,80.6,18.2,Spain,144.45000000000005,102.45
362,3,2018,Real Madrid,68.0,32.0,15.0,24.03,181.21,75.64,77.85,26668939.0,150333.0,15.6,75,6,57.8,87.5,13.1,Spain,146.48000000000005,69.98
363,4,2018,Valencia CF,61.0,24.0,12.0,23.39,181.97,74.06,75.84,13846774.0,31097.0,12.6,87,3,47.8,79.6,16.3,Spain,116.28000000000002,66.06
364,5,2018,Getafe CF,59.0,28.0,13.0,25.46,181.46,74.64,72.96,5911607.0,17071.0,10.6,104,7,43.0,63.7,22.8,Spain,24.53,
365,6,2018,Sevilla FC,59.0,39.0,20.0,25.27,179.2,74.23,74.87,9395000.0,17733.0,13.9,111,6,51.4,79.6,17.9,Spain,71.145,71.64
366,7,2018,Athletic Club Bilbao,53.0,26.0,19.0,25.06,181.73,77.06,74.03,7647878.0,17818.0,12.5,87,2,49.6,80.0,16.3,Spain,29.61,19.47
367,8,2018,RCD Espanyol,53.0,28.0,22.0,25.3,179.7,74.07,71.5,5032166.0,16567.0,10.2,117,5,49.7,76.9,25.3,Spain,20.34,17.41
368,9,2018,Real Betis,50.0,25.0,26.0,25.54,181.54,75.81,75.88,11449423.0,23731.0,11.3,78,4,51.7,80.2,19.0,Spain,34.65,
369,10,2018,Deportivo Alavés,50.0,19.0,19.0,24.7,182.56,75.33,73.07,6250925.0,17037.0,11.7,90,1,59.4,86.7,12.7,Spain,9.018,8.6
370,11,2018,Real Sociedad,50.0,23.0,20.0,23.93,180.97,75.77,73.23,7781666.0,22700.0,11.3,101,1,44.6,70.8,23.6,Spain,10.8,15.45
371,12,2018,SD Eibar,47.0,31.0,21.0,26.31,179.97,73.9,73.41,6284137.0,19241.0,14.0,79,2,52.0,72.7,27.1,Spain,7.2,7.21
372,13,2018,CD Leganés,45.0,19.0,16.0,25.38,181.69,74.12,71.53,4398437.0,18750.0,11.0,102,4,44.5,73.2,25.1,Spain,16.83,9.07
373,14,2018,Villarreal CF,44.0,28.0,26.0,26.84,181.65,74.52,74.81,9303225.0,25871.0,13.0,112,3,48.5,79.9,16.9,Spain,83.60999999999999,
374,15,2018,Levante UD,44.0,34.0,34.0,24.76,180.94,74.3,72.27,5660606.0,17394.0,11.6,101,7,46.6,75.3,13.1,Spain,23.4,
375,16,2018,RC Celta Vigo,41.0,31.0,25.0,23.67,179.55,73.52,72.45,6915151.0,15758.0,10.9,93,0,47.5,76.4,16.3,Spain,26.55,19.32
376,17,2018,Real Valladolid CF,41.0,16.0,26.0,24.9,179.45,72.1,69.35,3030161.0,11097.0,11.9,74,6,51.5,81.8,18.0,Spain,9.09,
377,18,2018,Girona FC,37.0,17.0,28.0,24.96,181.82,74.79,71.71,6030178.0,23464.0,10.5,79,4,48.5,78.6,20.4,Spain,9.18,
378,19,2018,SD Huesca,33.0,24.0,30.0,26.77,180.54,75.42,70.35,3534615.0,15154.0,12.4,112,3,45.8,73.7,20.3,Spain,7.200000000000001,
379,20,2018,Rayo Vallecano,32.0,25.0,32.0,25.21,181.27,74.0,69.76,3905606.0,15364.0,12.1,97,8,49.5,78.9,14.6,Spain,11.07,
380,1,2019,Real Madrid,87.0,70.0,25.0,24.91,180.21,75.85,80.12,27207575.0,162242.0,14.8,76,4,57.1,86.9,14.1,Spain,317.25,166.73
381,2,2019,FC Barcelona,82.0,86.0,38.0,24.06,180.52,74.09,78.36,26342424.0,150000.0,13.0,86,6,63.2,88.8,12.5,Spain,245.7,236.88
382,3,2019,Atlético Madrid,70.0,51.0,27.0,24.12,181.79,75.88,76.18,17890151.0,44848.0,11.8,89,3,48.9,78.8,22.7,Spain,219.15,151.8
383,4,2019,Sevilla FC,70.0,54.0,34.0,25.15,180.33,74.06,75.42,10095454.0,14939.0,12.9,96,1,55.9,83.0,20.4,Spain,159.98,100.46
384,5,2019,Villarreal CF,60.0,63.0,49.0,25.62,181.59,74.03,73.06,6711718.0,21938.0,13.0,78,1,52.6,82.7,15.1,Spain,40.31999999999999,
385,6,2019,Granada CF,56.0,52.0,45.0,26.07,181.07,74.44,69.96,2976481.0,11444.0,11.3,77,2,54.6,81.1,22.4,Spain,7.875,
386,7,2019,Real Sociedad,56.0,56.0,48.0,23.47,180.27,74.0,72.93,8236166.0,18433.0,10.4,107,1,45.2,71.3,20.4,Spain,19.125,16.42
387,8,2019,Getafe CF,54.0,43.0,37.0,26.63,181.67,74.93,74.5,7636833.0,18600.0,10.9,131,7,45.8,61.9,25.0,Spain,19.35,
388,9,2019,Valencia CF,53.0,46.0,53.0,24.97,181.64,74.58,75.39,12313787.0,29364.0,8.9,75,8,49.4,81.7,15.0,Spain,67.49999999999999,77.76
389,10,2019,CA Osasuna,52.0,46.0,54.0,26.07,180.13,73.93,69.87,3001000.0,16167.0,12.2,104,6,47.8,70.5,23.7,Spain,12.785,
390,11,2019,Athletic Club Bilbao,51.0,41.0,38.0,25.39,182.45,77.91,73.73,7924242.0,17848.0,10.8,90,2,49.0,76.4,24.9,Spain,0.0,19.47
391,12,2019,Levante UD,49.0,47.0,53.0,26.09,180.47,74.31,72.88,6258593.0,17531.0,11.2,71,5,48.8,77.9,14.1,Spain,11.34,
392,13,2019,SD Eibar,42.0,39.0,56.0,27.75,181.0,75.0,73.89,6158928.0,18643.0,9.9,84,0,46.0,74.4,17.1,Spain,15.39,9.76
393,14,2019,Real Valladolid CF,42.0,32.0,43.0,24.27,181.12,74.0,71.94,5103030.0,12152.0,11.3,88,3,46.7,69.2,26.4,Spain,1.26,
394,15,2019,Real Betis,41.0,48.0,60.0,24.94,180.61,74.87,73.42,10131612.0,18774.0,12.6,105,9,55.7,83.4,15.8,Spain,90.23,
395,16,2019,Deportivo Alavés,39.0,34.0,59.0,25.09,181.39,75.15,72.03,5214393.0,15424.0,8.2,105,7,43.2,70.2,24.5,Spain,9.7,9.94
396,17,2019,RC Celta Vigo,37.0,37.0,49.0,23.61,178.79,71.3,71.7,6671969.0,14576.0,9.7,100,6,51.3,80.5,17.7,Spain,22.14,24.18
397,18,2019,CD Leganés,36.0,30.0,51.0,24.52,181.27,74.21,70.73,4199848.0,16152.0,11.4,125,4,45.0,72.2,21.3,Spain,14.76,12.36
398,19,2019,RCD Mallorca,33.0,40.0,65.0,26.33,181.07,75.41,69.0,2248148.0,12185.0,11.1,85,5,46.3,77.6,17.5,Spain,6.750000000000001,
399,20,2019,RCD Espanyol,25.0,27.0,59.0,25.03,179.27,73.23,72.53,6696666.0,18400.0,10.8,95,9,47.5,74.6,21.0,Spain,55.35,30.34
400,1,2020,Atletico Madrid,26.0,21.0,4.0,,,,,,,12.5,29,0,53.4,84.5,14.2,Spain,,
401,2,2020,Real Sociedad,26.0,24.0,8.0,,,,,,,12.1,31,1,54.2,80.0,18.8,Spain,,
402,3,2020,Real Madrid,26.0,22.0,13.0,,,,,,,13.7,22,0,57.2,87.9,10.5,Spain,,
403,4,2020,Villarreal,22.0,16.0,12.0,,,,,,,10.4,24,1,54.7,84.3,13.6,Spain,,
404,5,2020,Barcelona,20.0,23.0,12.0,,,,,,,15.7,23,1,60.0,88.5,10.5,Spain,,
405,6,2020,Sevilla,19.0,13.0,9.0,,,,,,,12.6,27,1,59.8,86.6,17.3,Spain,,
406,7,2020,Granada,18.0,15.0,20.0,,,,,,,9.7,27,1,45.1,72.0,19.9,Spain,,
407,8,2020,Cadiz,18.0,11.0,17.0,,,,,,,8.4,21,2,37.2,67.8,17.0,Spain,,
408,9,2020,Celta Vigo,16.0,17.0,20.0,,,,,,,10.9,39,2,50.4,78.1,16.0,Spain,,
409,10,2020,Real Betis,16.0,15.0,24.0,,,,,,,11.8,27,4,53.8,82.0,17.2,Spain,,
410,11,2020,Eibar,15.0,9.0,10.0,,,,,,,10.8,23,3,49.7,69.6,26.3,Spain,,
411,12,2020,Valencia,14.0,19.0,19.0,,,,,,,9.1,28,1,45.2,76.8,16.8,Spain,,
412,13,2020,Athletic Bilbao,14.0,15.0,17.0,,,,,,,11.6,36,1,52.3,76.4,22.9,Spain,,
413,14,2020,Elche,14.0,9.0,11.0,,,,,,,5.5,31,1,49.4,81.9,13.2,Spain,,
414,15,2020,Deportivo Alaves,14.0,11.0,14.0,,,,,,,8.2,27,4,41.4,71.0,21.1,Spain,,
415,16,2020,Getafe,13.0,9.0,14.0,,,,,,,9.5,40,3,45.8,65.6,21.8,Spain,,
416,17,2020,Real Valladolid,13.0,14.0,20.0,,,,,,,9.1,29,1,43.9,72.1,15.7,Spain,,
417,18,2020,Levante,11.0,13.0,16.0,,,,,,,11.4,22,0,52.9,80.9,12.1,Spain,,
418,19,2020,SD Huesca,11.0,12.0,20.0,,,,,,,10.7,22,0,50.3,80.5,17.2,Spain,,
419,20,2020,Osasuna,11.0,10.0,18.0,,,,,,,10.1,27,1,44.6,68.5,30.3,Spain,,
